,HALLMARK_ADIPOGENESIS,HALLMARK_ALLOGRAFT_REJECTION,HALLMARK_ANDROGEN_RESPONSE,HALLMARK_ANGIOGENESIS,HALLMARK_APICAL_JUNCTION,HALLMARK_APICAL_SURFACE,HALLMARK_APOPTOSIS,HALLMARK_BILE_ACID_METABOLISM,HALLMARK_CHOLESTEROL_HOMEOSTASIS,HALLMARK_COAGULATION,HALLMARK_COMPLEMENT,HALLMARK_DNA_REPAIR,HALLMARK_E2F_TARGETS,HALLMARK_EPITHELIAL_MESENCHYMAL_TRANSITION,HALLMARK_ESTROGEN_RESPONSE_EARLY,HALLMARK_ESTROGEN_RESPONSE_LATE,HALLMARK_FATTY_ACID_METABOLISM,HALLMARK_G2M_CHECKPOINT,HALLMARK_GLYCOLYSIS,HALLMARK_HEDGEHOG_SIGNALING,HALLMARK_HEME_METABOLISM,HALLMARK_HYPOXIA,HALLMARK_IL2_STAT5_SIGNALING,HALLMARK_IL6_JAK_STAT3_SIGNALING,HALLMARK_INFLAMMATORY_RESPONSE,HALLMARK_INTERFERON_ALPHA_RESPONSE,HALLMARK_INTERFERON_GAMMA_RESPONSE,HALLMARK_KRAS_SIGNALING_DN,HALLMARK_KRAS_SIGNALING_UP,HALLMARK_MITOTIC_SPINDLE,HALLMARK_MTORC1_SIGNALING,HALLMARK_MYC_TARGETS_V1,HALLMARK_MYC_TARGETS_V2,HALLMARK_MYOGENESIS,HALLMARK_NOTCH_SIGNALING,HALLMARK_OXIDATIVE_PHOSPHORYLATION,HALLMARK_P53_PATHWAY,HALLMARK_PANCREAS_BETA_CELLS,HALLMARK_PEROXISOME,HALLMARK_PI3K_AKT_MTOR_SIGNALING,HALLMARK_PROTEIN_SECRETION,HALLMARK_REACTIVE_OXYGEN_SPECIES_PATHWAY,HALLMARK_SPERMATOGENESIS,HALLMARK_TGF_BETA_SIGNALING,HALLMARK_TNFA_SIGNALING_VIA_NFKB,HALLMARK_UNFOLDED_PROTEIN_RESPONSE,HALLMARK_UV_RESPONSE_DN,HALLMARK_UV_RESPONSE_UP,HALLMARK_WNT_BETA_CATENIN_SIGNALING,HALLMARK_XENOBIOTIC_METABOLISM
acarbose,-0.159756612959186,0.2067512287338619,0.0072587203334916,0.1221750836256723,0.107500795418393,0.2098420537099123,0.0377938245305272,0.0599273273376857,-0.070563301728968,0.1834900516887149,0.1312755960956451,-0.1627689296155499,0.0568273716081418,0.1974177048097912,0.0821732773664057,0.094824691404318,-0.0946162845965166,0.1329572593263628,0.0484410283133536,0.2004034470994811,0.0426371583224624,0.0582774803952401,0.1266567776526061,0.115694840587608,0.1155739381891462,0.1102683999431423,0.1347900008243002,0.1338089568328347,0.1602671944582014,0.1304554530759763,-0.1846288576226296,-0.3396711202469006,-0.5089373817618722,0.1232570243701795,0.183332789825554,-0.306973404205106,0.0056265883743157,-0.0466290563222576,-0.0492828456683771,-0.0229821047341726,-0.0609912943246012,-0.1525838843986691,-0.0972188038395387,0.1334062015611638,0.1218208672341084,-0.2210639606395862,0.1690739252712033,-0.0482929653643743,0.1575111898545348,-0.0302571207617495
acetaminophen,0.1044445419654466,-0.1384820350816242,-0.0371453046787558,-0.2561393489434199,-0.1685727248087942,-0.267484286996851,-0.1097897474957572,-0.1091298268630957,-0.2934746235358862,-0.3011860086384925,-0.2086132379365544,0.2457406261408692,0.4273050091923355,-0.1757280752414223,-0.1565665236051174,-0.0730447791993607,0.1210595590654908,0.2525951999929197,0.0544539980313768,-0.2010412494993617,0.0213140809380247,-0.050494054848339,-0.149474110420454,-0.402064448698993,-0.1817880622811066,-0.2624972366530375,-0.2234976506471392,0.010974805262196,-0.1356349242049356,0.0067779151215509,0.1610112327021892,0.4409843422167732,0.4359597629268541,-0.08344176649513,-0.3250220120658471,0.2090446489781192,-0.0921530262071525,0.0849053524804211,-0.0535584514930343,0.0392949172597835,0.0194952528285903,0.1059969910080318,0.1153909262449691,-0.2870220411907581,-0.2026790516601995,0.2062038745387623,-0.2432528123743888,0.0599877569965128,-0.1994195262961258,-0.0477843747181637
acetazolamide,-0.0343367292910598,0.1072548244300728,0.0466976029938853,-0.0551929509668123,0.0755500170867689,-0.0126438658068731,0.0097874259738525,-0.0122421501441377,-0.0334448782301719,0.0526913545280608,0.0643858151091882,-0.1927742117569407,-0.2945156605468326,-0.0112449467865647,0.0518176673112215,-0.0049516001950999,-0.0456052795144341,-0.321177699976203,-0.0961843552776004,-0.0048428484551754,0.0601262501311933,0.0735999280284209,0.1064185202171398,0.0273599281081459,0.0356797146722049,-0.1666426518656818,0.0167752040227554,0.1865083355624264,0.1039149535933283,-0.1213574847072914,-0.1310259973365432,-0.3550103958967593,-0.3591341047218963,0.1190875944068095,-0.1375835643241388,-0.0760557007262042,0.0183285243699101,0.2577443118239549,-0.1011474469305617,-0.0327592782017019,-0.1037037037036812,-0.0187478861247884,0.0276478792353865,-0.0534399827618536,-0.0902294581850036,-0.1865083025830092,-0.0146638961430199,-0.0909185094320844,-0.2151739089891361,0.0064520059794503
adapin,0.0636987732384827,0.108843232235139,0.0367347502723691,0.0852981969486654,0.1357248912928289,0.1436290915027444,-0.0054378887858322,0.1225276622188158,0.2287265290946229,0.0621227784465078,0.0498056517797918,-0.1172208168159302,-0.4212943141847296,-0.0003300057750912,0.1962726972598319,0.1601714628747165,0.0558809549925166,-0.3404842295973513,0.0458673498928818,0.0736958424183223,-0.0166074400611781,0.0586373382513865,0.053398756901029,-0.0600397065718702,0.116166335351754,0.1382364319663877,0.0671451240623219,0.1007528051696701,0.0735744380969486,-0.2082311178726412,0.0301864396966006,-0.3038248137502759,-0.2748354880677548,0.0656153546953672,0.0889059187999445,0.0380680070423789,0.024297574339964,0.0513521074226029,0.1343141272573349,-0.1069786547008679,-0.0052780052780047,0.2143556908435755,-0.1264254655837254,0.0068952574252599,0.075823935024315,-0.2279059040590221,0.0172910807553382,-0.0035787696373484,0.1740022379709073,0.124618367852114
allopurinol,-0.1930334370978987,0.3413444033272434,0.0978767626205946,0.2307252998286704,0.140926043765691,0.2306301526406323,0.1355293456956152,0.0283949871398724,0.244238706079194,0.3269624017559813,0.2411192676885338,-0.1614089076583872,-0.3071596667813898,0.1812804224072885,0.1246035938310527,0.1011147900799009,-0.0806295930678561,-0.2610618730397877,0.0645185571188683,0.1964802207093032,0.0248691766752106,0.0866162865668022,0.1265075789121884,0.40319020082829,0.2206419875230137,0.4147260733629699,0.359639559805412,0.0223186721023648,0.1808150780442613,-0.1179978447592696,0.043918997162867,-0.2619292321246622,-0.3784591501315603,0.0390345391100951,-0.0578770585357777,-0.3030537973521191,0.0958260153455382,-0.0261119917941089,-0.1007431084883542,0.1142484950655096,0.108611641944961,-0.1767782792764098,-0.1653950283042151,0.1295971279028673,0.0848167151878321,-0.0868209307092916,0.111999045801553,-0.0469520367905746,0.0613064155166089,0.0382754736460308
amiodarone,0.1456611146462081,-0.0568076185150463,0.1403326280219075,-0.018152892224866,-0.0449838559526715,-0.0527691617010983,0.0400827346202287,0.1274826949300957,0.1676742889012747,0.1225993060964242,0.0696234035320804,0.0498657455716748,-0.2004208605815306,-0.0943981519676567,-0.0789892939678428,-0.0775006565865406,0.2181236517860171,-0.1499345635679146,-0.0216171617161778,-0.1302525994155759,0.0022731021246581,-0.0320963219528322,0.0115626625114941,0.0336162772524716,-0.0033024615018229,0.2917383820998456,0.2199973209133163,-0.1459985478885876,-0.011593420598865,0.0586526576019839,-0.0335128249667171,0.0616430489577915,-0.0020882173631329,-0.0159123916018131,0.0819174955160677,0.2275755129293892,0.0130863832818113,-0.2140712420738171,0.1471136245662962,0.058055364481055,0.1603057603057383,-0.0921008128943213,-0.1792599885141959,0.2858091153634727,-0.0693312046626106,0.0496386838868521,0.1432214242668172,0.0537170658469944,0.0308863297277263,0.0934252768572091
amitriptyline,-0.0374186587191255,-0.0746499503916051,0.0696550948222625,0.0139920045688,-0.0169158977622159,0.1020324871439041,0.0210335415701747,0.0567347361516175,0.2022457705893266,-0.018597323514846,0.024069435226701,-0.0403119311664417,-0.3635155290279,-0.0786238759178163,0.0065905768051657,-0.0463038869920877,0.0876860078242217,-0.3554606034841625,0.0151453303225026,-0.2972381672822203,-0.0054968287526441,-0.0320138545274651,0.002872675426059,-0.0638150054700521,0.0670401211665908,-0.228789338217903,-0.0917612933805905,0.0037650314657688,0.0028893587033092,-0.1470761624037219,0.0817960743442765,-0.1253563969101175,0.2365876422785322,-0.1021664246158624,0.1695287787379844,-0.0717686471346209,0.0552825080531601,0.0307604438642368,0.1431904488703187,-0.0692733189106758,0.1562683896017176,-0.0060354781148026,-0.1136680613668092,0.152581898559099,0.0358416360029952,0.1329617671176746,0.0630354811169326,0.0735444560743823,0.1507250093248961,0.1051476923608249
amphotericinb,0.0834014655502143,-0.0536115020547644,0.0592747793270032,-0.1124255527453799,0.0439232980992461,-0.1178291568035317,-0.0848449941906466,0.0757582296179925,0.0505224019334284,0.1614451603766195,0.1267644107030069,0.0227119135593185,-0.2609153717648382,-0.1053460935566302,0.0692741593170703,0.063462837204052,-0.0216701400314153,-0.1527217326854882,0.0782424295060916,0.0436153013245704,0.0482119562772659,-0.0050664987330049,-0.018813913190315,-0.1060282683441469,-0.0421533331501226,0.1900314232026123,0.0903511664331066,-0.1321858903836951,0.0144243024005462,-0.0640787930651919,0.0943662787331465,0.0507161091403406,-0.110845217369385,-0.0726865959822341,0.2143812163704619,0.1206968049981044,0.0068436675461762,0.0458154606490116,0.053443706800004,0.0798782508901194,0.2100585433917976,0.0533163057042792,-0.2223726310607163,0.2042841652359775,-0.0375021699350819,-0.104271730217296,0.0257526868220401,-0.0282909288106017,0.23019395747856,0.0087480354699613
aspirin,0.2564607944804132,-0.1109444166813629,-0.0427667419349854,-0.252345598433573,-0.0768698224154741,-0.1826830462819278,-0.0176214570534886,0.0132718233760803,-0.1566201896263359,-0.1770771082631693,-0.1046045656150154,0.0633772821310851,0.0234159663983151,-0.0928471248246748,0.0083601377163564,0.0012325066596628,0.319750648970853,0.0300584699003373,-0.0431865554976645,0.1242157255373326,0.0303630066123842,-0.0357053963684367,-0.1146076600840461,0.0315637942486419,-0.0699181331550111,-0.0896952817824529,-0.0178143805127333,-0.0841012898048925,-0.1085616181608332,-0.1278263763430564,-0.0274897226564786,0.2891995159632421,0.3075100404130695,-0.0454327952250198,-0.2095581281591139,0.4775684264565779,0.0452904195736359,-0.1335182767623934,0.1408108624976103,-0.0015004793692963,-0.1461006461006796,0.1296898872211529,-0.0045532857494495,-0.1302244434094971,0.0597792215553529,-0.1366518040180354,-0.12841565387704,0.0815545062304355,-0.0695589332338688,0.0093496278186946
azathioprine,-0.1124276979642849,-0.1603738939830241,-0.0357626442861984,-0.1220119115607612,0.0476234666101072,-0.0152273283813737,-0.058337635518827,-0.114204829883877,-0.0580516824688811,-0.0480252071089617,-0.0754417096977765,-0.1071743909355018,-0.3114788044649218,0.0266067156175298,0.0514931849266557,0.0003794131992603,-0.142784541698721,-0.2634411773215408,-0.0308769034798244,0.0606653910618888,-0.0286551812034264,0.0900574273162082,-0.0573268575003585,-0.0843068687974047,-0.0408387610960027,-0.2807017717000402,-0.218049315802616,0.1751534069310771,-0.0413611623408806,-0.0262875978574314,-0.1734178681026628,-0.3611419620065168,-0.2706669096896052,0.0024764735017354,0.2049339638023933,-0.1571947646189062,0.0212154199783094,0.3149454494591826,-0.1823047291205561,-0.113873375223219,-0.1256407923074509,-0.1268966562867606,0.0523422758224783,0.0386693960394,0.0503424940166627,-0.0908517835178187,0.024646569907595,-0.0501075110944774,0.1128893136889214,-0.0695568365645645
bendazac,0.1412359390845433,-0.1407616219808341,-0.0950798607273351,-0.2568736232357116,-0.1016073343467524,-0.0338176475389727,0.0572360180813461,0.0882454989556264,-0.2862948503439072,-0.2664497627983611,-0.1277725731259228,0.1917456182823414,0.1543836379255847,-0.1836234634107023,-0.0978620949865709,-0.0736000637827209,0.3141530474206242,0.1105046617893641,-0.0694791847605772,-0.0753200136459956,-0.0953638312866506,-0.0990883600977712,-0.1408628004843645,-0.0585281218254376,-0.1206856539118155,0.1591056230162923,0.0206006306157801,-0.056601174158873,-0.1088570014844211,0.050012677886601,-0.0582681952405715,0.2828358774467812,0.2068262238619479,-0.032080825379231,-0.1494211641936819,0.2780238504428636,-0.0353286821956413,-0.0727410481163941,0.254517389285034,-0.0328403611129953,-0.1318530651864053,0.1799038988605653,0.059356797112149,0.0146194054230651,-0.088197545198718,-0.1321135711357026,-0.0768575482121238,0.0140978066789548,-0.1856606676612747,0.0828244904694861
benzbromarone,0.2755524433628017,-0.1207925450727126,-0.0969599235737269,-0.1028799869462542,-0.021922614628623,-0.0438780507713633,0.0439806805154691,0.1987441956810572,-0.1634281464956389,-0.1806471712809653,-0.1511489915341427,0.1972679159103077,0.3919068286308331,0.0073178780628739,-0.124224402207211,-0.0460778336397556,0.3657544513911982,0.3088760958932962,-0.0246135139829766,-0.0897521470208523,-0.1606360487606979,-0.1126550012745067,-0.1123615234199149,-0.1674892064546219,-0.1707554285260711,-0.0187285840610336,-0.0650023699612528,-0.0121941163338396,-0.0949215060051351,0.1287978194035081,-0.0142305019975684,0.3747773999365005,0.0333203441709064,0.025693762364881,-0.042615359530393,0.385464751884208,-0.0585103477022077,-0.1603785900783004,0.2682430401879643,-0.0878573439733193,-0.2305547972216032,0.0714518969479024,0.1311428337025231,-0.0275427999471975,-0.1178580677475789,-0.1615185526855015,-0.0584747890718946,-0.0264603985014718,-0.0602014173815887,-0.0635025339799036
benziodarone,0.1752235007016195,-0.0543485858736683,-0.1692174990920507,-0.122664599820531,-0.0652213619919602,0.210005305689325,-0.0502874818009018,0.2085213443578941,-0.2357241122885376,-0.2101118742477684,-0.1698695509655746,-0.0781562737081505,0.0703850146769555,0.0133982344691113,-0.0480238645474747,0.0054914080966276,0.2918449051223024,0.1089260635089469,-0.0963320016212,-0.0329729008142964,-0.1559159132142084,-0.1220742806591393,-0.0637630321022009,-0.0824753848558389,-0.0909161696943179,-0.0270659966208356,-0.1384577734729977,0.1224600619057809,-0.0732445683954899,0.0940144527907211,-0.1882910659487143,0.013939144931589,-0.0756157805752981,0.0416215444799849,-0.1290526659057293,0.151798546800608,-0.0949311637016943,-0.0295901715777667,0.2211294156216854,-0.2206150183372816,-0.295189128522496,-0.0811378188306749,0.1187546148166297,-0.0278712282872655,-0.1050106291247147,-0.2472017220172029,-0.040368245279221,-0.1392481801260797,-0.0570193024990687,-0.0363219775981296
bortezomib,-0.20688804787613,0.0128893164056115,0.0832803691831473,0.0683690952108863,-0.0700277512638256,-0.161819443310714,0.1656848102819038,-0.3848077885761943,-0.1040788250604323,-0.1502386178574472,0.06745734658532,0.1527911197880786,0.0466066716475994,-0.0111954459202978,-0.1109592982125288,-0.0879924398754846,-0.3734927424956147,0.1240348682702208,-0.1063936656823384,-0.1171479849893677,0.0246667566311272,0.0316255079243674,0.106866596177055,0.2781645600531151,0.1338130528912905,0.1805274834593891,0.2111465460390432,-0.2440779192570434,-0.0084281708725107,0.1099885899020653,0.1312604944704967,0.4160774079879986,0.4231460589414791,-0.1148216239509919,-0.209202674058349,-0.2370971077742759,0.1284954351943256,-0.1794619544945323,-0.2284566838783597,0.1814002929676658,0.2165043831710292,0.1137294006508218,-0.0413077364837265,0.2374467390020966,0.3651310640792822,0.3193291307913115,0.0621082764162319,0.106924401229511,-0.0006387541961872,-0.2656682664352595
caffeine,-0.1365660599481393,-0.1121123789393468,-0.1222879723349734,-0.0416904625928254,0.0294437374058796,0.1693759693086285,-0.1306475166900505,0.0615007508932605,-0.1226547685443536,0.0302789775543508,-0.025863185327865,-0.2774418899710193,-0.3627977714536737,0.0202623545912115,0.0717148516719297,-0.0102207068622675,-0.1454974223977377,-0.3462321746930644,-0.0666073186266024,0.1285913466530312,0.0403820490906048,-0.0102604471233887,-0.0164900588543432,-0.0777831229975992,0.0126174488446694,-0.3634965813448202,-0.2231983142363968,0.2348041157907718,-0.0497683415051107,-0.1554546607080496,-0.2840194545770399,-0.4597691826790984,-0.4013384074866884,0.1025931615752075,-0.0584803521930473,-0.1695472741226459,-0.0503261731712334,0.1982096232749916,-0.1878452585853449,-0.1264385534096228,-0.1588982922316398,-0.340803330884288,0.1340963163508035,-0.0899129056698302,-0.1188128391857775,-0.249208179581789,-0.0443896896343615,-0.0947915137277885,-0.0549445169712815,-0.0025114321736019
captopril,0.0218072384557542,0.2439340557764756,-0.0982932384847464,-0.1872399445215126,0.1103863965779353,-0.0143151579463052,-0.0795077046891346,0.1497557439022024,0.1347202082171383,0.1336656517736735,0.0488622383735253,-0.0832092634261062,-0.2395939143112123,-0.1164177873112635,0.1021421496957952,0.1025635012943962,0.0225403093122875,-0.2968805295454475,-0.005737942215273,0.0240140019875819,-0.0632989968962317,0.0167663772809707,0.0837427103701958,0.237205253184399,0.0422525749428135,0.1102614915757273,0.1253575550243098,0.0155191901964388,0.1130928283328073,-0.2463677854901467,-0.0616626136297773,-0.2224070644736576,-0.143378355446273,-0.0416495272314098,0.0359595630197415,-2.36215760763131e-05,-0.046946072162777,-0.0148871689668109,0.0124962434773225,-0.0342544114449668,-0.1533897533897873,0.0887536008770585,-0.1450077939125507,-0.0779261401155395,0.048370343177016,-0.1530622181221664,-0.1725868822820221,-0.0830736332592863,0.1335812196941609,0.0419732996620596
carbamazepine,0.0576837399482927,-0.146797049995452,-0.0166994978603896,-0.1612547931794365,-0.0750167921660069,-0.0281303567055951,-0.0141187226322891,0.0371614506913395,0.0415541922290251,-0.1762975288537113,-0.124516405782081,0.2438277918318158,0.4900185525642005,-0.0681709429914891,-0.131941234730932,-0.0676471691742095,0.0680761215312281,0.3251116759515889,0.0415653407445952,-0.0996529168335007,-0.0847945061700707,-0.1183947340800469,-0.1224355566984404,-0.1637322223958492,-0.1327946794184854,-0.0185529141467751,-0.0831068131233987,-0.1285078448211877,-0.081714722684546,0.1167855218535092,0.1280035898326706,0.5143529679218807,0.3334485597742643,-0.0933602527402084,-0.0860883743681459,0.2296337395894395,-0.0843032196448345,-0.0841127377844245,0.1117777231374573,0.1302601424920704,0.0448873115539907,0.2369931073090687,0.0215768315694403,0.0235981844342213,-0.1344705216097695,0.071612341123418,-0.1230238047408165,0.0987355605969486,0.0686147892577394,-0.0135641324309059
carbontetrachloride,0.0766470744804966,0.1316213653108405,0.1329535047134628,0.0999020967610166,0.0377057776835067,-0.0485225695861594,0.1632980646245368,-0.1419490428268836,-0.0076408254322439,-0.0026502867662623,0.0773012205189682,0.2427953144298105,0.3393230412773578,0.147413579737602,-0.0400598971843695,0.0764529321276963,-0.053535519725038,0.3098053377432449,0.0811620635747902,-0.2052092140197478,0.0599238300871128,0.0744560898445077,0.0895854481814665,0.1167375654450074,0.0614810539783711,0.2353848552795598,0.1934934259334952,-0.2237569060774711,0.0561468220053026,0.1323270260847547,0.2957269411151828,0.4114294476202746,0.2590206590533577,-0.0524312813581681,-0.1833067014511414,0.0194594543520799,0.1206228653058611,-0.097223517344267,0.0205229079583682,0.1557575995180769,0.3555525222192199,0.2326487293423518,-0.079415866765105,0.0397745834694598,0.1697899502835681,0.4026445264452696,0.0411943802732076,0.1079444541799133,-0.0377471092875767,-0.0908298904085221
carboplatin,-0.1155606669293941,0.1803810509469654,-0.1044703058630556,0.1172799216773917,0.0685356052839367,0.0973553179332222,0.0954261595726154,0.0557421760370038,0.0678007064510059,0.1313226651561149,0.1419060694109427,0.0748704710168359,0.2324709049342041,0.0969639468690753,0.0381823326887683,0.0033973661501504,-0.0256169792694699,0.1622038945806121,0.0180562793121411,0.106876399827953,0.0456179808975405,0.0735849339510818,0.1192865517724231,0.1450156775025601,0.1112668443858129,0.1232521830440901,0.1341908127936633,-0.053764830342298,0.0057352345823349,0.1724826471427295,0.0275635458282568,-0.0434520060054614,-0.1075518361856362,0.0058008243718608,-0.0028371107125224,-0.2432917348630734,0.1471669270116714,-0.0676263521074331,-0.0056935223888656,0.0886851024852313,-0.0169017502350763,-0.0641335152723603,0.0534498318155703,0.1959188000027862,0.0953291613662886,0.0001614391143974,0.0581897850542836,0.095842351793352,0.0236408989183194,0.0844891838109248
chlormezanone,0.2037498318557028,-0.2560680308020043,0.0911341960239298,-0.0024883739903844,-0.1554659973368123,-0.2925169373928022,0.0170814268295036,-0.0082132191745412,-0.0063692136084943,-0.1879678538554978,-0.1471087540671033,0.1907176721291833,0.3946715244723169,-0.1154690207078524,-0.1114450785266324,-0.1002124526320172,0.0951610544404682,0.2779234393744814,0.0803630363036259,-0.2929589581573424,-0.0091523848080039,-0.0001139549877836,-0.1232559099012426,-0.1446481597249618,-0.1826461220887828,-0.2488719622921548,-0.200147349765157,-0.1185617861374322,-0.1473123116368928,0.1135875249595916,0.2109750448728273,0.5244001638714924,0.4703281439534549,-0.1545851137358876,-0.1824523071905782,0.3224077419977865,-0.0607568350680615,-0.0454937523312256,0.1495615113515377,0.0834984692259015,0.2030818697485064,0.2061334452958306,0.0851587496923492,-0.005482494248157,-0.1242028156508904,0.3716635916359218,-0.0802549969867336,0.0429588521414641,-0.2493985453188791,0.0189746256598701
chlorpheniramine,-0.0946826342507178,0.1879918456516664,0.0873849263370597,0.2018438443338421,0.0756693298452844,0.240972165537524,0.0644476601822595,0.1420793702853248,0.1838891987358161,0.1457537350421068,0.096131043916035,-0.228360050439376,-0.24889957829993,0.0362098836729764,0.1899429326039022,0.1480297715078837,-0.0250850060326466,-0.0864306206890619,0.0335548028487057,0.0059923760364474,0.0848139984706014,0.0694600632749994,0.1666079786305352,0.2360062416973226,0.1300571327366582,0.2564415591593091,0.2197649616684227,0.1078499498196404,0.1540416535469097,0.0043960571772734,-0.0625007237566037,-0.3718895193261706,-0.396296203183939,0.0076700721675195,0.2118995597586921,-0.2408676362361679,0.1130355957718903,0.1417125139873322,0.011583749965862,0.0104463302408986,-0.1441259441259471,-0.1527996454520565,-0.0203872343916465,0.1966833950801925,0.1300097042342476,-0.134601783517818,0.1710764865408212,-0.0568127459849057,0.2254639127192234,0.1331212568386989
chlorpromazine,0.0765211451554649,0.033553223920111,-0.0873898608852302,-0.1466101003508349,-0.0063780770907684,-0.0149028650722415,0.0295927718861634,0.1443475859211699,0.1268451385015717,0.0613750619556756,0.0635380076727655,-0.0403086945601668,-0.2859809213600677,-0.1431730055276205,0.0534372494458309,0.0915267512099754,0.0901722057694853,-0.2800456719587003,0.0080148804354147,0.125973390290576,0.0313046346692995,-0.0743931147196935,0.0164147398760739,0.0417224251777676,0.0688509021842314,0.240742787664409,0.1083680240705628,0.0447962317505599,0.0563222527101756,-0.1754714589077958,0.0034957443112749,-0.1770688781432121,-0.3166595435775486,-0.0255902261845762,0.063303440404373,0.1327952513282876,0.0257154766337026,-0.0432464565460656,0.0708958282108079,-0.0757341122044921,-0.0135013801680469,-0.0003498827892393,-0.1452949380589511,0.0391993994453243,0.0029027328375966,-0.2519577695776742,-0.0179602752109163,-0.0595040754756269,-0.0666029466616691,0.0699929190565527
chlorpropamide,0.0608815815960012,-0.150064110121171,-0.064157021269895,-0.0270049767480053,-0.0972885070880539,0.0660884825728441,-0.0999277011736656,0.0484697312319805,-0.0148949618888383,-0.1268165403951485,-0.0966019918416119,-0.0192202627088524,-0.3677493193195645,-0.1603993069879227,0.0701414894118651,-0.0247120399204649,0.1222953456911975,-0.2918414791304206,-0.0551415667882636,-0.2450421987866869,-0.1009566221342599,-0.0080968017633085,-0.0166315817753053,-0.1175702801437855,-0.0949560740557634,-0.3597966571396465,-0.2589053870251591,0.0399320604898979,-0.0097611443479861,-0.1404377040347265,-0.0923701580684069,-0.1397478462260046,0.0214729710195009,-0.051498056597909,0.1244969835317263,0.2327428639218665,-0.0664820645223916,0.1253613390525942,0.0438597929131567,-0.0556424796045378,-0.1652864986198374,0.1548697852886081,-0.1022643366970294,-0.011260400230767,-0.0281906583227179,-0.2110444854448465,0.0470959722780324,0.0154997134616227,-0.0858331779186801,0.1613174200803347
cimetidine,-0.1212599228969717,0.1370944604473626,0.0611291825229985,0.094884555764034,0.0627172670602581,0.2676332544282195,0.0230858775187163,-0.0007949111874528,0.1558505298382503,0.0441846633151409,0.0282184308075857,-0.0631008759551232,-0.1082372825390382,0.1425624948436367,0.0797736169409889,0.1045717180054635,-0.1843735146796242,0.0440499587127111,-0.0437858259510207,0.2096960797401357,-0.011251555635528,-0.0579686024020538,0.0634828646925562,-0.0110548370711986,0.0843402558300695,0.2221484233131634,0.1046811886901349,-0.0280929270907302,0.1159941822979898,0.1020205381762906,-0.050744021770608,-0.2643452716433037,-0.3866093257995246,0.0531644294456952,0.3727800423936143,-0.2446696601328077,0.037146207326356,-0.0953632040283744,-0.1391006201677392,0.0146742249008365,0.0220098886765574,0.1022765706821809,-0.1193289031093641,0.2127781214594236,0.0563770479206985,-0.0393937064370536,0.1806373041382246,-0.0236435604643324,0.3207898172324525,-0.0391663484399872
ciprofloxacin,-0.0919808778228064,0.0390357086594014,0.0445935116613164,0.0702047809414856,0.0222422549816789,-0.1466308872745075,-0.0098880252581559,0.0159543249728131,0.1445026956683374,0.1980846845570904,0.0229980413422542,-0.1110181845487366,-0.1748698102489572,0.1386189258311995,0.0009442060085794,-0.0538921509773957,-0.1351943256188027,-0.1204186151069052,0.0263693474610623,0.2406814102849477,0.0621894351731026,0.0483903857976038,0.0310165471477667,-0.1537481929358319,0.0572579339996242,0.2629196339749747,0.1200416288846697,-0.0841022954222395,-0.0159492000659762,0.0706110741339458,-0.0424352961612005,-0.3175449107470531,-0.2982631185302157,-0.0091629519564118,0.1997097668351665,-0.2496727099407377,-0.0660004937112395,-0.0579494591570356,-0.1327787339835439,-0.0726039554204426,0.0958867958868049,-0.1431137235692574,-0.0780211666256495,0.0234522162831013,-0.0318005765624186,-0.0705078925789225,0.2092846022499164,-0.0860295963360944,0.1447221186124613,-0.0339784539748346
cisplatin,-0.1401154542948906,-0.0717589960219484,-0.1449187970756082,-0.1454271028800143,-0.0047739833374527,0.123055260795035,-0.0189054797867134,-0.1220106678635828,-0.2112214166202093,-0.0822601430291213,-0.0995905636401704,-0.0025957582332671,-0.0618138979133212,-0.060762313340469,-0.0063844738952053,-0.0349810527895628,-0.2188695111697123,-0.1337601910565738,-0.0977824098199001,0.0626307124104653,-0.0817836954403097,-0.0906886779722074,0.024866776558816,0.055741824255677,-0.0108509449345521,-0.1067678314832245,-0.0434862130079921,0.1407969919972748,-0.0176330349511971,-0.1734699375613988,-0.1784899542586282,-0.1049813868458143,0.0865848139931139,0.0786273341112587,-0.1620414152942808,-0.0871924864491174,0.1344128882917585,0.0679830287206144,-0.1532114853973559,-0.0832204706729506,-0.3217459884125893,-0.1276314101442289,0.0382722126507504,-0.0754377306818107,-0.0440745831590216,-0.1201440139401236,-0.1482680042185431,0.0218414471845856,-0.1841267251024964,-0.0241677972509161
clofibrate,0.2567121761255009,-0.0891991399123898,-0.0810617963334464,-0.0485436893204042,-0.0995436655236136,-0.014955921965548,-0.044947428582789,0.1894253508483563,-0.1853095370886868,-0.2291418253913137,-0.1074585808633991,0.2620505324863969,0.380621384978301,-0.0542942001484927,-0.0565037966325616,-0.0199667954826986,0.3967752550181159,0.2738381138282365,0.000709281454453,-0.0574615464483095,-0.0636708500142461,-0.1114689697569525,-0.1361436107438577,-0.1339608404313961,-0.168312553628747,0.2561484469989989,0.0393640260489676,-0.0824711840340349,-0.0802542995516844,0.0978431745428044,0.0281555787157702,0.3099747325246451,-0.0041072988617771,-0.1357373315088538,-0.1441708788520987,0.4791930659650511,-0.0450516575748176,-0.0909618612458139,0.2550118842717825,-0.0294286416919395,-0.1544241210907949,0.054727499620982,0.0890967265567213,-0.0685581127013153,-0.1367315228249306,-0.1217609676096627,-0.0824245429891254,0.0131405080017639,-0.1421321335322327,-0.0602734126885272
clomipramine,-0.1202858786480929,0.2271177988267511,0.0200283440445798,0.1605613119033958,0.10627378890186,-0.0511570484042269,0.0628060125207581,-0.1303766549861865,-0.0083807399144914,0.0542802520710711,0.0862517603638942,-0.0744736630874173,-0.1553238583736925,0.0738470423232434,0.0679422723199488,-0.0168095523956121,-0.1982139592702782,-0.0697459998086069,-0.0065167043020115,-0.1747504412702525,0.0300196422413099,0.0225795810654758,0.1262667500772289,0.1280976498398181,0.1339993221022112,0.3493867343555531,0.2277908869837093,0.0344016677158582,0.0564467035520891,-0.0020221229121068,-0.0780253025302381,-0.1214756963356675,0.0414689485692248,0.055131616871363,0.2243208870047375,-0.2161794147938631,-0.0203281561098792,0.0278254382693026,-0.1422888834248396,0.0906640601332229,0.0381320714654137,0.0207655435429404,-0.0011485765854442,0.2824553233194659,0.1642078812042271,-0.0289514145141413,0.1701699979911807,0.0491750773180042,0.1409338866094684,-0.0034896194136932
cyclophosphamide,-0.1075727408804103,-0.2027324787402786,0.1085452557280012,0.2259933099453105,-0.0039888759265102,-0.1189025385682868,-0.0492864636477244,0.0840301393036487,0.0577653839003416,0.1461056432768779,-0.0519894135357725,-0.1433072160784856,-0.1903540657538628,0.0708852404917127,0.0970287223506074,0.0171734889130653,-0.0138989433658488,-0.1347723413110234,-0.014938335938859,0.1271599994067218,0.0195507774429055,-0.0122021801388484,-0.1041220109879415,0.0689370555598798,-0.0541646436608973,0.0219172890776647,-0.0291139436155276,0.0917957711777846,-0.10828422773005,-0.1343760895058702,-0.1570349140177333,-0.1410041157331347,-0.0395158603958037,-0.0051502254010592,0.1872721343551391,-0.143936761366477,0.070071588131507,0.1796391271913724,-0.1073354643061882,-0.0258360450072453,-0.0484696818030086,-0.0798257583709302,0.0248994995487828,0.1406646416481899,-0.0124902886511663,0.0737904879048867,0.0721223382884715,-0.0109405563107092,0.1350895188362449,0.0761081484580171
cyclosporinea,-0.1582955465858172,0.0770891605382105,0.0048684252080308,-0.0237007424329057,-0.0534403318367616,-0.0812525508122153,-0.1293259074110312,-0.0777701058155498,0.0348949618888189,0.0682857749769727,0.018439811742236,-0.0029873875926603,-0.1826014444696228,0.0118719577592654,-0.1086402867518775,-0.0897731962631155,-0.1806789514094835,-0.1136306981444335,0.0701899137282185,-0.1349916195730864,-0.1183947340800457,0.0515151515151482,-0.0021852098473175,0.0855473939204459,-0.0266624527074752,0.059258001863268,0.0018423872722802,-0.125983242392085,0.0153464381569235,-0.1034040125510988,0.1042976666087885,-0.0975414533416002,-0.0472575059551008,-0.1110145706186646,-0.0528322191423234,-0.2063234434169204,0.0085301770885608,0.1008975195822347,-0.0932273310930729,0.1106576804228354,0.3054418054418041,-0.1920739885471184,-0.1398802198703779,-0.1796659414597355,-0.0787124387793851,0.3212330873308887,-0.0806950582563043,-0.1027305213104018,-0.3131643976127273,-0.0806268074156343
danazol,0.0899178311154124,-0.2063568654166144,0.0611883971008491,-0.2651953985477689,-0.1640270560092347,-0.2587156150517473,-0.160591833328012,-0.0995313390068301,-0.1713664249860652,-0.2226467464420629,-0.1361853926218475,0.256050511772161,0.513836071445562,-0.2973104529330306,-0.1274777154176144,-0.1313182380970366,-0.0556762092793426,0.4000903645966224,-0.0263592148688552,-0.1138551446921128,0.0126475042358235,-0.1274601532394774,-0.175831435167145,-0.2641256251464425,-0.1957368779448128,-0.1069040250122536,-0.1525915011129035,-0.095522086374536,-0.199055373127445,0.1146271116604926,0.1713609518846393,0.6171071700901009,0.4649795420691867,-0.1800032459991642,-0.0596119354312615,0.203569167649139,-0.1075268708418866,0.0326091010816785,-0.038865666748619,0.1824490246884001,0.1010950344283682,0.2391332237034017,0.0773648371482465,-0.2764532519618312,-0.1644654275981836,0.2368439934399399,-0.1621528475291099,0.0327050407073993,-0.0433839985080206,-0.0299040330674458
dantrolene,0.2051741688425908,-0.21357642667174,-0.0329381089232492,-0.3040303500040016,-0.2089210591437664,-0.3148436862295958,-0.1356089407337787,0.0021655072413602,-0.187302472578569,-0.2457197479290027,-0.1883063275976828,0.1357723966680602,0.0318611607804985,-0.2173253031928653,-0.1566113285855392,-0.1685194912393071,0.1387079083031618,-0.0588855552414962,0.0472424874066315,-0.2882644358415617,-0.0471668690867143,-0.1440600962619242,-0.1852511048381824,-0.2393371004922034,-0.1959491027015245,-0.3951280219170547,-0.2687747300306932,-0.1163941778776476,-0.0976624233427808,-0.1674875598237687,-0.0214796479647964,0.2476804599769416,0.4048219122980815,-0.1276810973715746,-0.1987510190770979,0.4009242860247004,-0.0570514714213903,0.1385187430063397,0.0461601508073185,-0.1187107282493009,0.2072466405798658,0.1341217358851668,-0.038477315612435,-0.250773283657776,-0.165051665798714,0.1327055145551608,-0.1298795952189222,0.0304553592149361,-0.1705963259977079,0.083209240919018
diazepam,0.0694562238183783,-0.2600158371299275,-0.1008463736992619,-0.2672350493595508,-0.1329114669871863,-0.0485572606317873,-0.1566656975234167,0.0256451640745027,-0.2742814649563013,-0.2726318770799664,-0.2254257247844708,0.0201666463839401,0.3468266160738541,-0.1995214916261567,-0.077441871433297,-0.0574958728848712,0.1337574494533888,0.222780447416124,0.0033466504545188,-0.1216570996306375,-0.1392200080967424,-0.1335792362016991,-0.1414255339971869,-0.2910533230444418,-0.1912862652412612,-0.4080841715482575,-0.391601578600501,0.1098234739253273,-0.1767471848619106,0.0623403378656833,-0.1140828556539476,0.0842357713565847,0.0976151269271758,-0.0460638062698109,-0.149812489809202,0.3174766067658372,-0.1280563559253245,0.2186917195076609,-0.0004098024751971,-0.1199064784355561,-0.0699669366335785,-0.0096742591231742,0.1314299778488749,-0.1811065080942425,-0.2333839888672622,-0.0637684501844932,-0.1194562324225997,-0.0706547993994482,-0.1619195262961397,-0.0043286824264169
diclofenac,-0.2875996821238921,0.3109179171356936,0.0744287767057587,0.3654238394387399,0.1008354839089853,0.2011162354093691,0.150959175483798,-0.2848457647892682,-0.0591782859267659,0.2356092898109347,0.2371852590769847,-0.049948602692328,-0.0114015720709713,0.2881610428182424,0.0597957836155209,0.0039854800585276,-0.3378724726700129,0.0190316520918369,0.005238550170804,0.2110384313027615,0.0210501851768499,0.1269713463182021,0.1615342619796138,0.4549052023911112,0.2557369390166785,0.160329390958321,0.2247769145165021,0.0080107480385436,0.1680551182283081,-0.0748534119362247,-0.0290356667245668,-0.2211229699585579,-0.2161564230360219,0.0762390062765332,-0.1330670145116429,-0.4911566068498868,0.0913375932790711,-0.0909222305110177,-0.2454744146654409,0.0511365863916147,0.1425759092425762,-0.1776879745285177,-0.061982115021733,0.167783438870638,0.3070465262541273,0.1296689216892239,0.0977369174367296,0.0013267200591112,0.1771890152928051,-0.2499078901665886
diltiazem,0.0480439455183981,-0.0814255920927142,0.1137117276445046,0.0821979277147635,-0.1045930993035638,-0.0482572851195818,0.1019087332339381,-0.0415606497384952,0.209905186837679,-0.0767995468384932,0.015083485763321,0.1548489540582966,0.3248475639615797,0.0130187278277434,-0.0094231948309251,0.0493410685476153,-0.0699334576431801,0.2799866901406858,0.0448294829482887,-0.0192601492160687,-0.1265859985305831,-0.000895146417169,-0.0225189352870864,0.0816487751035276,0.0145793827465783,-0.3233510713888792,-0.1889647390982017,-0.0107047969960223,-0.1770830521943632,0.1155304110804799,0.2082681952405506,0.3428088339071639,0.3370059142589716,0.0429563217232932,0.0255633458340316,-0.0071163934787714,0.0584020954400554,0.1336837933606877,0.0510395322787876,0.0686228735783739,0.1453059119725655,0.1649172527203489,-0.0186233489211573,-0.0252107849611099,0.0331309957796547,0.2396448339483458,0.0006497338288507,0.1283259764801762,0.1045109101081701,0.0697736784637589
disopyramide,0.0072480912644038,-0.3182470237567213,-0.0438464210709248,-0.2047401484866073,-0.094115671509872,-0.064849808178933,-0.2259443343257583,-0.061117536379536,-0.1590035322550707,-0.2323847624443366,-0.2064537570617948,-0.0934298187241967,-0.109773535592655,-0.2025740450458107,-0.1095703438192749,-0.1463770494879212,0.0147947058608706,-0.1514502850045558,-0.0119825140408878,-0.1522864474406206,0.1112005757725668,-0.0701497908326264,-0.146008477942601,-0.3163070446199143,-0.2481044817593647,-0.5902805191934559,-0.4898916000332298,0.0685504226609801,-0.1485748129488751,-0.1055640074799503,-0.0009162758381182,0.0235600854405387,0.0288265129755384,-0.0776549334989886,-0.2170878852111292,0.1285270949975678,-0.091316853359658,0.0774874114136491,-0.0659180941452784,0.1274302597860567,0.0918797585464434,-0.2694155791143643,0.0863483468701132,-0.2324264772324191,-0.2835030862879786,0.030627306273066,-0.0620925823623769,0.001696141441031,-0.137327489742627,0.0064275393049865
disulfiram,0.0215453627003095,-0.0088262266211974,-0.0143052550964116,-0.2204046667210868,-0.0670773382354645,-0.229907762631593,-0.1427199835503222,0.0274801056429204,-0.1639412530210336,-0.0816271330453984,-0.0622263342344178,0.1614063183732566,0.1634136718126965,-0.2410114677008639,-0.1156586332122928,-0.109475481184145,-0.0011279295089616,-0.0467692430963623,-0.0522494354698769,-0.1275233984484829,0.041728517235691,-0.1226935360532662,-0.1079100278824376,-0.1150733570368114,-0.1086483878552497,-0.0977139225315475,-0.0218670142609817,-0.065838775399398,-0.1074880422233294,-0.104885740547049,-0.0160384459498634,0.2522135681842538,0.3987175297127399,-0.0613647747528403,-0.2382651231044977,0.1286898214103774,-0.1132485593343753,-0.0345673256247657,-0.0588339753571992,-0.0888330119717468,-0.1582825249492029,0.2021447814982081,0.031298711953401,-0.240831809935527,-0.1381074751063217,0.0683989339893439,-0.1723847428685679,0.0633847760501319,-0.0624533756061138,0.0859485489822775
doxorubicin,-0.1913920628273707,-0.1006581068265594,-0.145640228015625,0.0593538386228225,-0.0594914035893945,-0.0266325197943002,-0.0660882023571004,-0.1158723308764738,-0.1627700316044069,0.0306096438433788,-0.04128103905984,-0.0090152431209396,-0.1810637922784341,0.0841844732282877,0.0339093524501211,0.0286285783964219,-0.1933256553691324,-0.2455312926364966,-0.0139207341786941,0.1603257242024116,-0.1617666021920366,0.0404780111855799,-0.036096020663305,0.0551813901695626,0.041698347700489,-0.1823927426613623,-0.0891218778336441,0.2111831691830229,-0.1058102049690412,-0.3065718994643512,-0.1934630305136653,-0.2076669145264441,-0.0544900601481487,0.0552757280412394,-0.2132528941790166,-0.1154591142014287,0.1069122610356715,0.1671018276762683,-0.1618200693932,-0.1710519750371667,-0.1712652045986016,-0.082852244498049,0.1099351874641019,-0.255915185553246,0.1289667124842976,-0.0663309758097479,-0.1565582312173401,0.0733514570831853,-0.1966080753450141,-0.071253672399885
enalapril,0.1112313693764594,0.0753186987679715,-0.1606392805823737,0.0615566614995359,0.0137548461601954,-0.1721614562076643,-0.0416840320193098,0.1605392622257372,0.1759992563673455,0.11585711251149,0.0185591927416323,0.0638867239589215,-0.080573534473346,-0.042471743255505,-0.0326623591001333,0.0369859865681042,0.1284395451720293,-0.1750814060374415,0.0282337444270694,0.0001112446046541,0.0568035625927738,-0.0194473183092722,-0.0172691545276715,0.0195980991638614,-0.1246324236678029,0.3896674509310386,0.1931987264033981,-0.1182741795670821,0.0885820101060012,-0.2140470983486962,0.0225826530021334,-0.075126337376456,-0.1145581275493451,-0.0483597910248099,0.0160247839556663,0.2294825615027035,-0.0241104092137807,-0.0809212980231311,0.0280441493866694,-0.0464622902091039,-0.1108502441835579,0.0876981211294286,-0.1027976043974371,-0.1113267809852027,-0.1298731050419827,-0.0232062320623047,-0.1241638208115209,0.0468069915364662,0.2568351361432418,0.0649954808612933
ethambutol,0.1267531126962369,-0.1890314833380542,-0.0422565096559291,-0.2432487558130085,-0.1921509880863915,-0.2274610235898993,-0.0030367718021237,-0.1258359082357425,-0.0920096672244048,-0.2461516674928371,-0.0733570948734836,0.2674498390758606,0.4030887361030677,-0.2217638808680803,-0.1371961514879804,-0.0968863730162123,-0.0236042557858677,0.3483299242584087,-0.058098836199415,-0.2055355315266784,-0.0206873285052452,-0.0273267059511512,-0.0952171009581543,-0.1363539794482928,-0.1835270838486381,-0.129080871322793,-0.1159225331794528,-0.2143503611172234,-0.1107387581905102,0.1877911952077617,0.0882794858433373,0.4642501929989565,0.512347036899654,-0.1379927412742729,-0.2297603130604829,0.345613053387902,0.0633017749324205,-0.182776948899632,-0.0570745567303153,0.1127569259062509,0.1240361573694931,0.1078163815122228,0.0299450324062617,0.0747478573960769,-0.0520386006550997,0.2712715252152571,-0.0609808155885702,0.0623599869281715,-0.1269116001491969,-0.111407802854289
ethanol,-0.1304794759050957,0.1381586154300402,-0.1031942317106157,0.0343885126866132,0.2111305546717609,0.0948820504448561,-0.0608321661236627,0.0113315841259326,-0.1359620747351024,0.0586617574169648,0.0436094743998579,-0.2243104086669278,-0.1324073840884428,0.1898935731375091,0.1003376880630053,0.1202420928225561,-0.0983199883002248,-0.1342954788767149,0.0454186208094502,0.267736098132577,-0.0834015563852361,0.1066978543475236,0.0925492739634182,0.1056558666093587,0.1093720895435751,0.2023184481043466,0.1242019413073899,0.212247112369585,0.0562727722549562,0.0702450001584756,-0.1574040298766798,-0.3890261720842817,-0.5252942988051497,0.1287192574497096,0.105005706831906,-0.2052657217336689,0.0577288068374982,0.2130058746736415,-0.0709586645903194,-0.1180353343289088,-0.1858343191677315,-0.2407018648752022,0.0334728033472822,0.0515893151313367,0.0253178065584732,-0.3286541615415926,0.0051953595821665,-0.145626619178679,-0.1499836814621245,-0.0776514679045465
ethionamide,0.0354448119502995,-0.1460328406573804,0.0116129656239505,0.0480133801093164,-0.1970604871495649,-0.2292772018610649,0.0207151614176447,-0.1513498817559594,-0.005725971370154,-0.2296572966084542,-0.0828084278938493,0.3067713687218896,0.5250529573570858,0.0045953304182952,-0.0961505447342462,-0.036540445728449,-0.1013728931300406,0.4272314602339746,0.0120635747785341,-0.0514543377979259,-0.129692771355314,0.1075165309702613,-0.1068531634930578,-0.009432142298989,-0.0938170836348828,-0.3487235310834656,-0.2314916330065048,-0.1940811372326178,-0.0507369589012402,0.1091645272733097,0.2296580973886632,0.4862893753462933,0.621113464523794,-0.1418529618343211,-0.0953008315669052,0.0811506122187465,0.0170305089272751,-0.0627004848936903,-0.0460262819987201,0.0240629132109863,-0.006661206661188,0.0625298858216168,0.0507834933136386,0.0186335295794048,0.2309252034047228,0.5360547355473707,-0.0801250502209654,0.0928810605235392,-0.0703865162252876,-0.080960705561343
etoposide,-0.1915761867647124,0.0511310819847898,-0.1758742045508596,0.017051480786472,0.1614522572206346,0.285415476287667,-0.0996507767701894,-0.0666473908616049,-0.0641940881204851,0.0184380089215711,-0.007750659630592,-0.289893114314438,-0.2073955613759627,0.1263179605643092,0.1061510163656038,0.0776024274940682,-0.2455522649995233,-0.1676969937078216,-0.004529268716356,0.2300538423886522,-0.1692096621834254,-0.0056362736719051,0.0278118925308302,-0.0162904391654459,0.1087109865244866,0.0404919152362912,-0.0401837235182645,0.3129033782711261,0.0938944117073824,-0.0889084339640516,-0.183395576399839,-0.4914014805274506,-0.3799377148710202,0.1906199018924757,0.1701157671612699,-0.3199264266644951,-0.0351627628405234,0.2402321894815493,-0.1769527087943402,-0.1280165516062102,-0.2786483453150957,-0.2399787737774633,0.1260152596603423,-0.0173458819604161,0.0153944443970015,-0.3500999384993644,-0.046391623141801,-0.14123263601109,0.2207035621037796,-0.0656911019982368
famotidine,-0.154527206935387,0.2675603829706448,0.0660390579355387,0.1121400016317039,0.1343063951638589,0.2508856419884319,0.0783734753957515,0.0694153389376953,0.1039115077151841,0.1569177936698876,0.1514631254350147,-0.2077933595197122,-0.2660865842294751,0.2018480323405427,0.1454676225062617,0.1418700521517066,-0.1274121604328491,-0.1273996140586003,0.0036781309709959,0.2755380530711081,-0.0431829427376222,0.078706910770243,0.1492414371436771,0.0502083007736006,0.2435454664822262,0.4628231142131464,0.3081629709008364,0.1880207840999531,0.1088330109606688,-0.0261608189914688,-0.066560998205094,-0.3423500172872046,-0.3319040017094651,0.1387146962612302,0.2294276862873064,-0.3658997878258012,-0.0398120457451757,0.1661040656471454,-0.0598530175122189,-0.0423983434137374,-0.1247641580975144,-0.1662817955984458,-0.054434326031666,0.0859231095386741,0.0778643854601478,-0.2107779827798101,0.1367636349939819,-0.0859236244973685,0.1691929317419037,-0.0634459248115175
fenofibrate,0.2954936381839876,-0.1607932962408644,-0.1008098580429292,-0.2467161621930495,-0.1448898787428839,-0.1156660680760713,-0.0392679909659555,0.1418894892198896,0.0090760364379891,-0.2889910075763264,-0.1441146178998625,0.2639135230588619,0.4300095421182398,-0.1226548964606771,-0.1196887232938751,-0.058913630735765,0.3859913714306785,0.3478636340367204,-0.0641798390365355,0.0541316246162086,-0.0822320183527562,-0.1415845740932226,-0.1660255758303705,-0.183430442681854,-0.2232161669460816,-0.1071231189502585,-0.1533844077158158,-0.1131460337445414,-0.1334202989819006,0.114574815378279,0.0680649643912018,0.4830628584689367,0.3824344623429601,-0.0842728542126581,-0.2785423120821671,0.5160904926830917,-0.0222352169901403,-0.0958341104065625,0.2446466136655497,-0.0568489220427897,-0.1369126702459992,0.0319792869388925,0.1640413487570764,-0.0292283845496222,-0.0795519546491114,-0.0367158671586585,-0.1205755323422951,-0.0302724245883037,-0.1941346512495091,-0.128430371682357
fluphenazine,0.1579831082982472,0.0513423480475297,-0.1836125629648463,0.0485028963041351,-0.0187070621368996,0.0060913394824961,-0.0410666177304403,0.1292891543387686,-0.2359620747350813,-0.0320540961552004,-0.0953849126697357,-0.2074910604935428,-0.336580731637013,0.0642768748453235,0.09149507145215,0.0765270326042018,0.0771763372454661,-0.3362837225762569,-0.0214318800301115,0.0755350865483037,0.0548198461607617,0.0746690057427232,0.0758116699320808,-0.0024151168242659,0.0341055871602453,0.1548490817792716,0.0760092943697986,0.1747174717974329,0.0566401271497723,-0.2351304237583498,-0.2040834346592707,-0.3734808729713437,-0.2409699133287306,0.1398829761335183,0.0296787868906087,0.2069942961767597,-0.0326648671835776,-0.0815530585602559,-0.0159303882195352,-0.1045238918371798,-0.2170716170716449,-0.1450614044295035,0.0799901550578429,-0.1786876073039552,-0.0412401499176068,-0.3206103936039126,-0.0212334270791158,-0.0106705945316127,0.0147822640805701,0.0084640301506214
flutamide,0.2069338403578469,-0.2407577618106785,0.0778099291003998,-0.2006608468630406,-0.1206693887651484,-0.1856542323075624,-0.0452171673231352,-0.0297414165127548,-0.0847406581149103,-0.2964688805495477,-0.1690667643298587,0.3036234454579793,0.4165568343672975,-0.2152050160879612,-0.1713375465735112,-0.0647375529959411,0.1249497276150908,0.2982014996961939,0.0179737710613083,-0.3209258517629718,0.0019072466375753,-0.1001394449192637,-0.1383580846527715,-0.136052395092608,-0.1672636442197104,-0.0090973329754303,-0.0659570521803624,-0.1878342420763221,-0.2002728922074369,0.0584149472283014,0.2111501939667583,0.6022722967116433,0.6059082881331233,-0.1033962665413031,-0.243420838089,0.3611891206369545,-0.069450908104957,-0.0971069563595817,0.1779171106193516,0.1241299179904109,0.2110352777019268,0.2522188400219427,0.0335138239396254,-0.1441053194964786,-0.1621162060713327,0.244047252972534,-0.1766811470469576,0.1649946007644122,-0.2165166915329585,0.0891364127441423
gefitinib,0.0625005366306301,0.0097364964470742,0.1334538678962012,0.0708574692012619,0.0324633812941203,-0.1384866541506967,0.0899534479575918,-0.0349683243859085,0.4347648261759203,0.1222346526941719,0.1031942510966989,-0.0860464724875617,-0.204124377733559,0.0480075901328311,-0.004238551148425,-0.0360086106629695,0.0539706043654896,-0.1985400330743114,-0.0047825835215097,-0.1432163040092221,0.103631565531608,0.1597738893137261,0.0762261641819335,0.1902960654841277,0.1046023763065534,-0.0930517614363321,0.0278001607451998,-0.1476221171464203,0.0513442190334752,0.013511457640017,0.0821579526373675,-0.1438369383492849,0.0329180991408615,0.0387575098709172,0.0258861894668274,-0.111701708837339,0.1149077528854017,-0.1275806602014049,0.1009480097259815,0.1963819201145633,0.128901628901631,0.0003498827892857,-0.0264582820575888,0.127609180701604,0.256607274476098,0.0871002460024627,0.086793767577376,0.0615281967974036,0.2043197500932499,0.0396724727844237
gemfibrozil,0.2089472785432468,-0.1069882640398011,-0.0100151589319372,-0.3316472219953982,-0.1422782550288031,-0.0757183087094941,-0.0549233400288849,0.2490264279918532,0.1830488938464222,-0.2799164483467057,-0.1567654628745618,0.2455082378102185,0.3546841726759641,-0.193845392294473,-0.0887091449323293,0.008068041121071,0.3497532082922356,0.2887632959485098,-0.0195341902611382,-0.1722511458193943,-0.0728862099470775,-0.0963519409833144,-0.0996302173984335,-0.1264505352817231,-0.194402457532158,-0.0244773326596233,0.0023534745692883,-0.0529814544043251,0.0254389516141098,0.083786567779156,0.1070797869260943,0.2629913185974949,0.2021092723764647,-0.1302820941171805,-0.1423283874123541,0.3992062100598413,-0.0471322255855714,-0.0732259418127695,0.2811518181569856,-0.1042948994393724,-0.0713046379712859,0.1287860233488671,0.1307736483714637,-0.0954718594257136,-0.0850543408662186,-0.0934117466174513,-0.1296335124547454,-0.0451895889476653,-0.134760816859394,-0.0762415158208296
gentamicin,-0.2401343436936642,0.2707351120024026,0.0938975429897615,0.1527698458023925,0.1295648177608157,0.1131172965472247,0.0166198861569948,-0.0341699608154725,-0.1040862613868964,0.1885137718614388,0.1565433939815317,-0.2289089788637599,-0.2953887223915121,0.1976652091410634,0.0602046880158413,0.0651755899898552,-0.1790921721326972,-0.1563485580614682,-0.095661803022365,0.1977929070440175,-0.0684554600932696,0.062651252755156,0.1651697219626519,0.1527652965539016,0.1632527489976564,0.4408081210821964,0.3378761025470487,0.138778215109551,0.2329584813998602,0.0832826217869529,-0.1776750043426108,-0.3654364855714309,-0.3281219556649675,0.0843693947051061,0.2980498940159858,-0.3847603039939835,-0.0076302669278008,0.1858658149945251,-0.2020872606070341,-0.1101382151780152,-0.1209421542754721,-0.2248288490021904,0.0034457297563357,-0.039574746119685,0.1051031181611012,-0.0882687576875565,0.1536146544797574,-0.0606768699589305,0.0048442745244403,-0.0132743702469879
glibenclamide,-0.0661787223325575,-0.0794871607614859,0.0671473574507638,-0.014889450926015,0.0674647364513775,0.0882295322830586,-0.1035548028419575,-0.0438607999171491,0.1113143707008623,-0.0052290589818079,0.0004132808326653,-0.062636099293901,0.0328923251707674,0.139674944311501,0.0907022591142692,0.0610142385472294,-0.0699480823370041,0.1212115310567054,0.0894838168027366,-0.0142541420074393,0.0227250236156681,0.0203034801253484,0.0305310515680774,-0.1604660760334661,0.018433017897107,0.1033254906914597,-0.0361151182919767,0.0710378172471272,0.0584769016238569,0.0897087255554529,0.1072925713624092,-0.1274989225209782,-0.2837053052347679,0.0689215167770642,0.2067960215229264,-0.2235824167287398,-0.0277049913398125,0.0065740395374948,-0.103863071332946,0.0439077329930833,0.0504777504777541,-0.086578496203751,0.0961112478464142,0.0455351122912249,-0.0621298659905021,-0.0652444649446441,0.039184913619942,-0.0006038618742893,0.0548023125699366,-0.0026942126240344
griseofulvin,-0.0395766294252922,-0.0417435657746974,0.0687649023354124,0.1283756220934898,0.0787331636440781,0.0882744265774238,0.094824222096695,-0.023958674975405,0.046488194831746,0.1505253841251459,0.100787914596065,0.0095965376080739,0.2773594356438711,0.0987789786321322,0.0592963259915971,0.0193078640303028,-0.1276278746663339,0.2660146764569152,0.1079251346187422,-0.0236431866387745,0.0317874439596342,0.0319118948015516,-0.0313072688091184,-0.0618260139095338,0.0235462604165651,0.2788858579797715,0.2002220550655041,-0.0309272596725336,-0.1191369409083497,0.2475848626034059,0.1226289734236718,0.1344877356837303,-0.089912763109048,-0.062012575448491,-0.0446861242458719,-0.1107117023387581,-0.0326901597681979,-0.0952279932861024,0.0475807993880395,0.0929504200272992,0.0707859374526107,0.0569784122319264,0.0420461071457904,0.0752187784550985,-0.0650852464334786,0.006337125871269,0.0782863348734702,0.0228034820333349,-0.1204424654979517,-0.0086194654943186
haloperidol,0.2078644771500058,-0.1051552049176577,0.010642833457012,0.0067716406950885,-0.0237019950271569,-0.1729940413027838,-0.0137517010675637,0.23094716127804,0.0059230340211747,0.0355002478227058,-0.0309211963999295,-0.0470505454328858,-0.2486267464734711,-0.0986882270439688,0.0224892703862597,-0.0360133005665454,0.161092830243862,-0.1830706602179486,0.0587111342713174,-0.1661252762573976,0.0464396563357432,0.0219378345553483,-0.0137022971808562,-0.141283113229662,-0.0587358733125158,0.1107411296562296,0.0094499629049572,-0.0901742131547208,-0.0047906077099593,-0.073343158695441,-0.0339731341555286,-0.0692534846382224,-0.1031192845066208,-0.0141270920604523,0.0841545736181383,0.3465206468322301,0.0437986629328155,-0.2138591010816625,0.1298172280960668,-0.0069713483286215,0.0409682409682424,-0.0803797394539323,-0.0987365657560151,0.1783591789639076,-0.0864359847806368,-0.1416231037310195,0.042363901165138,0.0368930004120488,0.0287812383439059,0.0781763020588367
hydroxyzine,-0.0306356473482881,-0.1518366584698442,-0.0031502155410747,0.1595006934812677,0.0343458714839616,0.0655150599950988,0.0910661202615001,0.0010080958381525,0.208544339096484,0.0486964525950632,-0.0878446873431615,-0.0825146877193046,0.0720485892495884,0.1477930863790065,0.1038004056029693,0.0498630548155514,-0.0254542795510192,0.1499679495026694,0.0828614440391487,0.1166510924220286,-0.0139549877798291,0.0398422623063841,0.0929887146264629,0.046728481284658,0.088482455577839,-0.2296824914336523,-0.179371548099982,0.1013662317706608,-0.0559234102529563,0.1097334474343165,0.0488883098836183,-0.1125438687891063,-0.1597525564556795,0.1283260997920938,0.0840078265123224,-0.2254075771717333,0.0341414482736321,-0.0300494218575064,0.1230227030571331,-0.1328040074560936,-0.0564443231109895,-0.0973490547333034,-0.0675198949872863,0.1128802991651905,0.0776167994239679,-0.0661797867978575,0.0314697167537265,0.0087909264425241,0.0294526296158223,0.0905204589372121
ibuprofen,-0.0739982656097647,0.2549068499239167,0.0071146315274118,0.3191237660115114,0.0614328136599893,0.1259672679781289,0.0928365571166436,0.1156185807253228,0.0312585982524555,0.3009643843375904,0.2047242501254124,-0.0604979971880336,0.0629499976214689,0.1290652586420353,0.0495396877800262,0.0132911867331993,0.1421191181309369,-0.0023175403024011,-0.0054412020149428,0.1170441566917558,0.1535888324112584,0.0382303989923963,0.1402722421260639,0.305550128936463,0.1483527389207891,0.2887490328285664,0.2897731019701304,0.0699452139652046,0.1230009146387259,-0.0285268295775051,-0.1207110184702616,-0.1900483563118622,-0.2392258040185929,0.0965782691548948,0.0712016957443466,-0.2737940135577849,0.0802801811354059,-0.1137262215591046,0.0673278146600073,0.0370049932817052,0.0278824278824343,-0.1325939143720017,0.0488145048814484,-0.0498637630589399,0.1209841971809173,-0.0400471504714988,0.0820535355564643,-0.0769533155569006,-0.0064598097724778,-0.0510825783845423
imatinibmethanesulfonatesalt,-0.0650849498238927,0.0917338110206682,0.162234126545493,0.0869299175980927,-0.0227268710008097,-0.0040915027344679,0.0670344989216053,-0.0168200100119113,0.1186503067484603,0.1684620831267734,0.1845468378198791,-0.0491226207707236,0.0107145955233231,0.0755465720650174,0.0641140404659697,-0.0127213634487722,-0.0241782750173367,0.0493093562969094,-0.0564848590122335,0.1825004820599767,-0.0015803757515805,0.0949035131123138,0.1169204804295311,0.1459912479487466,0.1493054601307509,0.3741719828199363,0.2165196603742044,-0.0273633516824972,0.0274106727842488,0.1017939209533791,-0.0288069596433397,-0.1223737928683611,-0.1170407335943278,-0.1558107582486117,0.1938333605087387,-0.2538295824020726,0.0397518493937872,-0.0612038418500538,-0.1040160642570113,-0.0069205601314331,0.0061273394606782,-0.101588467863239,-0.0203051932069878,0.1042421125066966,0.1984017894493855,0.0143578310783135,0.1245618220168937,0.0608929577865067,0.2952489742633451,-0.0002878432290573
imipramine,-0.1002864892144926,0.0100479182728898,0.0569436987793818,0.2385575589458989,0.003577909758314,-0.0015243653579189,-0.0450651629100231,0.0445590443803635,0.1133928239449625,0.1046328683707336,0.0830704590705352,-0.1561500697812992,-0.4075533840940369,-0.0268459698044642,0.033103334433803,-0.0654011743519016,-0.1216993894189943,-0.3132262831884108,-0.0663670314399935,-0.0587964817039586,0.0654806351491127,0.1004813098825948,0.1107294523110883,0.1877967003985493,0.086905274472257,-0.2195676546290247,-0.0829347333278547,-0.0441591731411645,0.0777832756061312,-0.1353617951887369,-0.0649122807017699,-0.2402784158455259,0.09599200538007,-0.0363481949726157,0.1952682210989826,-0.2563849120070467,0.0425031767486261,0.1053618052965267,-0.0703986012075409,-0.01974235236672,0.027124093790778,-0.0313728234374495,-0.1525555829026229,0.1185991228009167,0.0304160868315615,0.0378126281262856,0.1514174869425585,0.1149172827636564,0.1520817791868796,0.0944250523394879
indomethacin,-0.2852661735707788,0.290449626345952,0.0585543352966148,0.3339316309048009,0.0694871613579918,0.095059586972486,0.1051223828985755,-0.3407631492639151,-0.1065402491169473,0.2535757275365737,0.2391995605160265,0.0487970181793699,-0.0317296418487611,0.1685174490552749,-0.005295005423766,-0.0517967020598227,-0.340369639135601,0.0133833083680534,-0.0426668982687735,0.078649935478144,-0.0760799484203768,0.0792047141379093,0.1249201235039527,0.3970437407204715,0.2394139543121229,0.1192403953954559,0.2350146319345523,-0.0509224528214609,0.1396488387087477,-0.1439605717726768,0.0767760986625038,0.0381007241606356,0.2440166051776643,0.01581725024695,-0.1437893363769571,-0.3738109161077584,0.0986825598523898,0.1092712607236169,-0.3161735376881415,0.1380164803244565,0.1991051657718096,-0.2229219878007437,0.0469275576339296,0.0638350003822917,0.2738699974103078,0.2947288847888529,-0.0004651717557116,0.0146525307732782,0.0884208317791968,-0.2619819541484391
iproniazid,-0.0271764069501496,0.1282890996101276,0.0851071389094939,0.0166843436403581,0.10157345541533,-0.0675965227328534,0.0862340381547712,0.1040513714591343,0.1413459750882855,0.1817715782765485,0.1314030707221125,-0.2173018614370878,-0.3151473431776593,-0.0583780216153676,0.1097108899683986,0.0930101677109211,0.0272238675002909,-0.2240413228841831,0.0503604307799195,0.2469926875213319,0.1609224356380788,0.0359288081207896,0.0790571023397767,0.1290182757677733,0.0825706983263229,0.2667636469864087,0.2158607081031633,0.0112754848584204,0.1115544359977785,-0.019745808373738,-0.0874240055584335,-0.3892410758689185,-0.4059736529504346,0.1180732196674025,0.0550008152617147,-0.149001227272144,0.047452429706862,-0.0737504662439399,0.0089063737945029,0.0559962149427767,0.0889556222889565,0.0700523657908059,-0.0677660185413096,-0.0398649447058724,-0.1446685050641353,-0.2660080975809554,0.1048381629168467,-0.003702502119432,-0.0086231816486447,0.1164584920468787
isoniazid,-0.0720062926502216,-0.1309046256312844,-0.1175498191981814,-0.1377988088439445,-0.0365126500983898,0.0161619459635973,-0.1240400230382979,-0.1525185134039499,-0.19594348391897,-0.1312985909509936,-0.1761107491461368,-0.1788917601183594,-0.2302868511849239,0.0830129527266797,0.0255812856671205,-0.0072149476606783,-0.1509634017037504,-0.186480477018131,-0.0812764171153616,0.1724884676426658,-0.0924744725833383,0.0479360652542208,-0.1476045686477005,-0.1504649527232564,-0.0038856978835595,-0.3675369893727108,-0.2872475476055096,0.1468503058082175,-0.0171652197382082,-0.1598602263002725,-0.2154044351804649,-0.1545821275830834,0.0893989579339721,0.0846883980714334,-0.1709049404858672,0.1145420721266272,-0.0645957435615034,0.1814574785528173,-0.1643854328879951,-0.1896796601289663,-0.3273849607182784,-0.2817955984745169,0.1096890639100656,-0.2053493851959669,-0.0176383707131259,-0.083786900368985,0.0021130474085983,-0.0711935389147485,0.0731676613204083,-0.1022438339183043
ketoconazole,-0.0513252630444205,-0.0344671452582078,-0.0678934611315641,-0.0286366973974313,0.0312967676553476,0.1850073463390734,0.0591772526224938,0.1051656280747554,0.0807473508086963,-0.019969553211093,0.0073738001197993,-0.1208645881612878,0.1374666655473609,0.0589555317218165,-0.0012210536244924,0.012050707237456,0.077293334795814,0.1586599776092353,-0.0056858317410712,0.0709814740651956,0.0507414571244312,-0.0572129009041451,-0.0635437915093977,-0.199602445885656,-0.0970737412323781,-0.1336068388889961,-0.1332335545297487,0.1039255279993994,-0.0528091403895543,0.1442204684479105,-0.0405245787736792,-0.2733570220849851,-0.4193718692451773,0.1091397262727313,0.1252698516223858,-0.128210040954593,0.0944379583016406,-0.0786693397985768,0.1737753736032604,0.0369417307904866,-0.1619498286165159,0.0694284081499511,0.1014439248502701,-0.1935068500767588,-0.1503302570057105,-0.2483036080360736,-0.0128961179188372,-0.0367834764446456,-0.0131247668780365,0.1090858674731278
labetalol,-0.0794933634292132,0.0320034178154075,-0.0899854332138751,0.0112996654972506,-0.0412542275014372,0.0303118112807146,-0.0710479681708222,0.142831126685171,0.0095036252091322,0.076888763010693,-0.0288547922365783,-0.093724997216558,-0.2105072433352022,0.0694002145037559,0.0399910390039087,0.0690686789479461,-0.0104127819823621,-0.1919095864371423,0.0085982282438789,-0.0425473531200223,-0.1090459268588994,0.0615177005082965,-0.0063330307781145,0.0194833261701787,0.0269571244919542,-0.1086923052630094,-0.1365525307064831,0.0201339683471879,0.0099545679456577,-0.1297264745966811,-0.0572809912569873,-0.2464034697194351,-0.0434880300677708,-0.0127797225789987,0.198959726072078,-0.1297732643653707,-0.0678923790407168,0.1368262775083961,-0.0282135344097383,-0.1836118070975775,-0.1405284071950665,-0.097045822982614,-0.0742062515382749,-0.0731005025475002,-0.0858810505616372,-0.0502665026650194,0.0196257282041062,-0.1253830378751655,0.1315344088026665,0.0910721584596145
lomustine,-0.128874354016023,0.0424404829594334,0.1210040029054402,0.1859345680019374,0.1202893555343509,0.1880785242021144,0.2191207180355915,-0.2001631250971337,0.248652165830074,0.2386164412659445,0.1717052867571807,0.0472434471669351,0.1049227256319237,0.2977064598630494,0.0949742960901719,0.0657984091846744,-0.2981828817959141,0.0839561664934203,0.0546798100862705,0.0249855382014064,-0.0533609224356397,0.0786514326840859,0.1067936758923283,0.1661131515199295,0.1105461962911021,0.2469109728560358,0.1734203693017729,-0.0738238801947933,0.1539097056663031,0.2564831542581877,-0.0873747901105873,-0.1209322206487983,-0.2707344742845058,0.1407210595389015,0.0736768302625282,-0.2714874978872302,0.172268299690815,-0.1812779746363172,-0.1504931289784919,0.1194645320179189,0.1382473382473422,-0.0740818492471525,-0.0351956682254339,0.3425594472672681,0.2364830830437417,0.0263299507995118,0.1172201436320213,0.0157347459754415,0.0284968295412186,-0.1325431716869698
mefenamicacid,-0.2974121523707795,0.3831902114434136,0.0667071957554955,0.3558782736395791,0.2044313642309279,0.2584625744837282,0.2141990915110634,-0.1185962610693106,0.2401264175497273,0.2945082489555822,0.2724421103323092,-0.1010766247116552,0.1146383369291192,0.195511921458593,0.1048502570390977,0.1517268224965224,-0.2793535885342821,0.1902898121707461,0.0078744716576911,0.1112297720227285,0.1295023465731011,0.0509663682845247,0.1872434597221178,0.4694728256622349,0.2912303844779713,0.4146165263939447,0.3777671873711631,0.0997446737475075,0.1960145742432001,0.1505197933504559,0.0525201204331047,-0.1578133806320487,-0.2408819222283658,0.1370469242758792,-0.0139083645850252,-0.4363639990383864,0.0904563996309329,-0.0459110406564841,-0.1856733054667394,0.0575492645512656,-0.1159098492431605,0.0399216262552139,-0.0075067683977361,0.0087806793774671,0.2436431573764963,0.0157339073390788,0.0571998041382136,-0.00568458991858,0.0570915703095864,-0.1157518369195704
meloxicam,-0.2164581995732696,0.3024458871974959,0.0771862022138311,0.4130292893857527,0.2016091019431799,0.2609480858705663,0.2238588337778951,-0.2552683364693434,0.0634318646588456,0.3156631027401432,0.2311954691875467,-0.0227611099746887,0.1062798890763767,0.2955696724692543,0.0853836721218602,0.0874118298127664,-0.2971335600160812,0.1027329726168555,-0.0132708007642941,0.1849701122829322,0.0459808375691555,0.1091793741472068,0.1909144203701031,0.4151229292021494,0.2996689904514109,0.132903172322291,0.1924923749072473,-0.0054821231398616,0.2171232363216735,0.0770577794681672,0.0205561345608366,-0.1322191095050571,0.015791259969717,0.135671572042995,-0.1262872982227185,-0.3787913941874599,0.0591128170678501,-0.0136049981350199,-0.1723110127584949,0.1423138746226446,0.1122607455940769,-0.1034894976849241,0.0200590696529641,0.2333648439183542,0.2662133280970336,0.1613084255842624,0.1207751607071536,0.0366573758767883,0.1407240768370209,-0.1935745715452533
metformin,0.0424935151167697,0.1673769727294889,0.1215783843104945,0.1120992086154667,0.0510643876456862,0.0350930536282765,0.0597183883331424,-0.0920612452745683,0.1022755158951355,0.0847242087374856,0.0782046716415551,-0.0229650161700753,0.3255639223982353,0.0503506311360503,0.0336150544734184,0.0715177465951179,0.0996782567365078,0.3266479853813873,0.0599690232180987,0.0186742609650402,-0.0361717121736963,0.1086680761099289,0.0702726067274354,0.0564097053996896,0.1061826110057525,0.3492702790191457,0.2196830434423579,-0.1338949371188232,0.087862294393712,0.2340496339260283,0.1406403798274524,0.0409625558276241,-0.1287152670843707,-0.0371540982138587,0.1339018424914682,0.0874932678508251,0.0677294947958013,-0.0641132040283418,-0.0788104800152846,0.1165250537285576,0.0882094215427597,-0.1562168340272195,-0.0812617934203072,0.1973941209589536,0.1707091490154587,-0.0383071955719519,0.123057703897186,0.0099240554889887,0.1640106303618068,0.0544805677035995
methimazole,0.117271683932606,-0.1659847032936882,0.0132226152315547,0.099127029452551,-0.1190019561400333,-0.1771773732756023,-0.0315738039463567,0.0857943070203719,-0.08306004833614,0.0469000920484433,-0.0334969932175248,0.1616749566941876,0.1966585796515056,-0.146803069053736,-0.1698651134272773,-0.1027947135407031,0.1623322730430141,0.0636057699797954,0.0039589485264282,-0.1141443806641901,0.0581125455445041,-0.0574123221327628,-0.1140185409418661,-0.1401292783465146,-0.2163608492654679,-0.3457341818122837,-0.1729716222901182,-0.0952209039696414,-0.1472658299971176,-0.0330575892998567,0.0560506050605029,0.324058330688953,0.4294154248399001,-0.0036349594110152,0.038467308005889,0.2246081180532748,0.0086222420965725,-0.0672347071988122,0.0723164767915354,0.108575364338489,0.0518457851791259,0.3517021797697085,-0.0620641562064294,-0.0635274246352735,-0.1600330683879207,0.1246719967199742,-0.1073021293691974,0.1213211787383798,-0.066034129056321,0.1374230738970696
methyldopa,-0.0092271850884349,-0.0220593068177949,-0.0668818787601454,-0.0177857550787484,0.0044145720649103,-0.1112256142355828,-0.051913099906129,0.1059458666344329,-0.0876965978806604,0.0833222403172251,-0.0401287089046053,-0.1256923100824702,-0.2785109258652903,0.0026152957676835,0.0381945951044599,0.0429219975237205,0.0335746407809761,-0.2374969674440837,0.0073794221527366,0.0375784274463013,0.0309942572683757,0.1345283612972913,0.007075186570393,-0.1250061049464857,-0.0215110402677448,0.0284506308326229,-0.0455795070480563,0.1083240984137157,-0.0330094612628065,-0.0969953408766657,-0.2436569972787848,-0.3890238039984862,-0.2216605806155033,0.0947020256713813,-0.0195825860100966,-0.0010125782267905,0.0381993905498825,0.0414281051846206,0.0058874955604826,-0.1442126403803715,-0.2060879060879872,-0.1369791119974169,0.0028714414636133,0.1079764643733249,-0.0669094148147643,-0.0997001845018304,0.0485718411008589,-0.0258618648201874,-0.002310238716885,0.0427864567841755
methyltestosterone,0.0884310064710116,-0.0515750015388615,0.0813815550537558,-0.1637839601860237,-0.0860937297462886,-0.2408762549995248,-0.0769639799287787,-0.1741520084238584,-0.1243837144450793,-0.1677016214685933,-0.1173039723521648,0.2563152661655312,0.3392083119964871,-0.1927893738140883,-0.0819634014054642,-0.0735639515251629,-0.0246279843515633,0.3559185472221641,-0.0171689537374828,-0.1523161126685101,0.0197696909720637,0.0315595339840739,-0.0912755676748426,-0.156380645854485,-0.1430990310947474,0.0938778047971643,0.0583180488005965,-0.1558023117133204,-0.1157047966053414,0.1766932902285209,0.1143332754328069,0.4296755485670405,0.3110375407744606,-0.1268500096540444,0.0306962334909622,0.2442791167420202,-0.0514056606827589,-0.0807720999626975,-0.0665437259240971,0.1467573963653336,0.1071920405253756,0.2072472388416753,-0.0220690786774936,0.1020126227696382,0.0530673633225551,0.2365954284542894,-0.0209547006829992,0.040736995656935,0.0288278627377796,-0.0928327995440691
mexiletine,-0.0761471732206005,0.1966631438268243,-0.050123166321923,-0.1975197846128978,0.0278042917241174,0.0501346828829755,-0.1534608917518415,-0.0923538347344608,-0.0343409555679676,-0.0591836012178934,0.0955751129060994,-0.2192218162799508,-0.3029860394053046,-0.0616368286444988,0.0316158090836118,0.0270992008404284,-0.0513418156557029,-0.2900681295640809,0.0029398992530784,0.0334623770747221,0.0321338071461751,0.0685829097506445,0.0788963898701852,0.0218373935297237,0.0780529065630868,-0.1876204029749669,-0.023046842799435,0.1489188607561059,0.1093757965603577,-0.1445580171785273,0.0130652538938033,-0.2574778228767993,0.0226781348401151,0.0170289033839573,-0.0490428827653551,-0.0438789147513311,-0.0567479604059708,0.1819050727340669,-0.0771302898669372,0.0225864914087788,-0.0593138593138479,-0.1703579300933594,0.1400032816473981,-0.2601082944663123,-0.0456241302473328,-0.0392732677326657,-0.072888208115677,-0.0970737563997479,-0.0876398731816459,-0.0009522813494927
moxisylyte,0.1458438075685255,-0.0045503058402363,0.1219070252175017,0.0230888471893459,-0.0738781654705867,-0.2225042853643779,-0.0370426463581195,0.0982893442198414,-0.0736270682283184,0.0704496211852883,0.0014315602894287,0.0529042715435008,0.0613997531921356,-0.0950911640953581,-0.0939168985520949,-0.0842588076389343,0.0840316624620844,0.1046899448241699,0.0329917202246427,-0.2303430783606982,0.1442100370354261,0.0350486557809617,-0.0728075460981195,-0.2789826228802927,-0.1711905656171511,-0.0656590977277582,-0.0188834391229044,-0.1614277353295721,-0.062337876538773,0.1182894361509972,0.0964000347403114,0.0527508868481286,-0.2307943710835263,-0.0721591211177383,0.0385847056905436,0.0839998992145992,-0.0451083129643653,-0.0603949086161841,0.0250826434991765,0.0874911343409968,0.2910425577092527,0.0889926874497281,-0.0623513003527806,-0.0123742762412479,-0.1476779560208329,0.1229551045510566,-0.0488204349135939,-0.0219338025300585,-0.0225312383438985,0.1317947792913865
naproxen,-0.3224592089158405,0.2125602629924894,0.0340602251732934,0.2828179815615796,0.1004701806483577,0.1490102848747089,0.1295696672153627,-0.2605332205555282,0.0151849786205527,0.3343652198541212,0.246221793709536,-0.01271403677302,0.0171730145538326,0.1597970464483032,0.0225321888411958,-0.01938196450682,-0.327520017549607,-0.0297285055788046,-0.0425438596491212,0.0890031000163311,0.0226770425681804,0.0555875429205437,0.1319075178894528,0.3809645327029661,0.1559851961781195,0.0623480159168714,0.2070532107822343,-0.0203511817009802,0.1413956487187599,-0.02715286361763,-0.0535681199698909,-0.1854696624531311,0.0731378883393129,0.0739332275585359,-0.1296690037501803,-0.4594963460047006,0.1187502023406842,-0.1154979485266753,-0.2141737016091505,0.1051894845265051,0.1322837989504584,-0.1929253700010211,-0.0326934120928789,0.0178706722180974,0.2061808288724884,0.1961049610496128,-0.0078890869827041,-0.0144257865596884,-0.05462280865349,-0.220867386786433
nicotinicacid,-0.1247396745109191,0.2057110694027927,-0.1005532615389683,0.083666476299247,0.1089782114281023,0.0798404211900817,-0.0301449624631974,-0.0760810274292071,-0.0652537646402827,0.1815223394462653,0.1793714691551307,-0.166872299052131,-0.1388686013940954,0.216706542364362,-0.0145224732349254,-0.0125473680261154,-0.1236042557858519,-0.0836189685526937,-0.0302095999073586,0.26184755039382,0.1099530685379257,0.1375256773574416,0.1105087725021323,0.0554671016644354,0.113485280151944,-0.1213987667577471,-0.0323365757151073,0.1450014782574768,0.1043077984196171,0.0618221292510561,-0.1083535985177174,-0.3300188026012678,-0.3595646326056428,0.0303011223881642,0.0947301483776344,-0.1928313240996149,0.0372043802709756,0.155585602387232,-0.1717372892932033,-0.0758045028637473,-0.021051354384675,-0.0702914523634506,0.0899171384034658,-0.1571920593325581,0.1112002800283294,-0.1569726322263003,0.0448385395741323,-0.0219799802028003,0.0645771167474862,-0.0141431770600432
nifedipine,0.036158411458806,-0.1600734266937454,0.0356629664134873,0.0621277637268403,-0.0519555508419624,-0.0792016978205914,-0.0464238059915113,-0.0982410108577851,0.0019706265104844,-0.1270190469447294,-0.0821133876685151,0.1371136463088069,0.1419131247499067,-0.0306327860737532,-0.0409753336792042,-0.1208986793232097,-0.0215257211802002,0.0911135544669178,-0.0341048578542209,-0.1011139293077368,-0.0919541780996595,-0.0079213710584362,-0.0534534471145745,-0.1093102875674311,-0.0922124201867054,-0.429770523772407,-0.3256852279286302,-0.0248729402442026,-0.2038954612927491,-0.0426769357548068,0.1424020033582315,0.4399968504458709,0.4233613228833595,-0.0084130142180319,-0.0682243600195527,0.1422444066732431,-0.1072521933729054,0.1581685938082806,0.0705433980821335,0.0292023223571465,0.1270270270270422,0.0289528008117367,-0.0481581754040635,0.0613413778003321,0.0408943832119603,0.2344557195572013,-0.0772850542386268,0.0713184554397328,0.0036879895561336,0.0461594996900916
nimesulide,0.1052735766885469,-0.1931128306835163,-0.1369712138199126,-0.038590193358913,-0.1494090335961116,-0.2299955105705281,-0.0874506262028849,-0.0797724879598708,-0.1174419036995966,-0.2446449054734139,-0.144874407141792,0.013169103615427,-0.2526842454311091,-0.0947611583202664,-0.0593977267367856,-0.0785089858552708,0.0679883733684527,-0.307460532260856,-0.0495223206531275,-0.1688248119965972,-0.0675348237446256,-0.0090774144213062,-0.0773578678108888,-0.0882018246464166,-0.0811507772922614,-0.3812787190700712,-0.2798130821863419,0.0933162646543546,-0.132388706460941,-0.2655193179296904,0.0218038909154048,0.1723338906228325,0.4475541616648075,-0.0653425228689011,-0.2533507255829009,0.1869212057712131,-0.1216305218770447,0.0278697314434946,0.0257820397235269,-0.0073135003938208,-0.0863044863044691,-0.0786944706856267,0.1059561900073838,-0.2654604600081831,0.0081148457709839,0.1366415539155424,-0.1800704349136032,-0.0284051889495607,-0.1524664304364157,0.0313422897353118
nitrofurantoin,0.013305100996277,0.0899330938636825,-0.1800300810055502,0.003834543526139,0.0677946877835596,0.1017182270834863,-0.0732130637567022,0.1143774490341782,-0.1721992935490147,0.0732790483608247,0.0173486896417846,-0.2683444370506855,-0.2127178806983309,0.0545417044798324,0.0810621138518116,0.0544610362810884,-0.0221326459727092,-0.1171518013937628,-0.0553369810665285,0.0550512466812209,0.0216724393864363,-0.0014994077339483,0.0223515064755057,0.0672899410017803,0.1339321430425352,-0.1431236084574388,-0.0556801788805506,0.1491230010839617,0.114685199346255,0.0457544927260668,-0.2702738694922352,-0.4201694602187548,-0.4119523339638336,0.0842070947468041,-0.0065840534811579,-0.0562009786681748,-0.0259486742638681,-0.111441626258872,0.0209682266480954,-0.1481527352563043,-0.2585706919040312,-0.0924157074046462,0.0646894741160021,0.109377063537856,0.026333763051631,-0.376709204592023,0.1341734883487502,-0.1672294817207988,0.1451114323013937,0.0434465772561547
omeprazole,4.102243164268854e-05,-0.0863572201350673,-0.1305178117450253,-0.2773925104022113,1.4729970191390551e-05,0.0269814709003217,-0.1213498212980806,-0.0448274671592112,-0.2854173638222088,-0.2987538058487069,-0.1625610057141351,0.1065691455618131,0.1247401101960777,-0.1747463080604996,-0.0706197236240235,-0.0360597306119437,-0.0536616577090268,-0.0290107079821456,-0.0399889988998889,-0.0212106379507138,-0.0183842382259037,-0.1623258812768725,-0.1383542467430787,-0.108133253887638,-0.0616566356116254,-0.2719992025769251,-0.1923450251423148,0.1360399189874206,-0.1931701977718335,-0.1210563849006297,0.070941173064694,0.2855615441813344,0.3987096733644825,-0.0038854050363335,-0.0074547529756889,-0.0488131995267415,-0.1153559374847998,0.0765759045132409,0.0851733464470211,-0.0696038877028357,-0.0775684775684745,0.2160467909916879,0.1572729510213834,-0.2554981336928374,-0.1233391103408753,0.0636300738007442,-0.1896764513860719,-4.144150112732337e-06,-0.0757226781051964,-0.0107351132279452
papaverine,0.091169969290412,-0.0706739752552784,-0.0768338754757054,0.034306926654137,0.0630059744759115,0.0668578075259094,-0.1345349604622615,0.0931055911342575,0.0186168432794145,0.1247851023153533,-0.0139645418197636,-0.1252113503898526,0.0906655137773097,0.001320023100413,0.0155619487808282,0.0084347915806833,0.0153504442251084,0.0769773932707241,0.049986972381447,0.1417552915350321,0.0774953893212148,-0.0352705681255936,-0.077948426169198,-0.236660691958931,-0.1041168549207256,-0.3507664340190257,-0.241325941802133,0.1579975744508714,-0.0542020901743832,0.1142974866089831,0.0103902495512823,-0.0625985715706527,-0.2348671020130524,0.1516371308725313,-0.0451589760312905,-0.0289385303600444,-0.0900522241286847,0.2119871316673134,-0.0012020872605993,-0.0938637165555288,0.0619831953165353,0.0202115624599286,0.1059972105997131,-0.1704351936163025,-0.1961365195095765,-0.0337305248052426,-0.0318721122940775,-0.0604761746889475,-0.1129242819843431,0.0224042777341704
pemoline,-0.0757960975265392,0.2036797853328487,0.0489487438614139,0.245941094884549,0.0853704882101401,0.0939168231164524,0.0951171760564949,0.0752395090711326,0.1469380925822577,0.2178290731430784,0.1798626511483422,-0.1631210723783419,-0.2733257220249412,0.1338833429585003,0.0731835117671989,0.0064973924136106,-0.0661657709041389,-0.1434048311673166,0.0017891262810485,0.1553419659146595,-0.0043572788748482,0.1243413851528618,0.1484633009477979,0.2009089044307387,0.1042283110878944,0.4042480538144244,0.2765986934299094,-0.0958569569615963,0.1695695200396113,0.0757804823935912,0.0204866539285514,-0.2672301921466505,-0.2477955086827297,0.0222882615156053,0.0597912930050718,-0.2623176020636265,0.0446363533353884,-0.1688409175680086,-0.0241237057071682,0.0389037590394207,0.140488973822318,-0.0532579919060232,-0.1149396997292974,0.1682699993744981,0.1944133776142235,0.0426429889298953,0.1558915478104109,-0.0441582875898062,0.1300191160014912,0.0227496896090473
penicillamine,-0.0137515776941068,0.1048046597468701,-0.0210211751330431,0.0693889206167784,0.0827028906093562,0.1635703207901664,-0.0168796755175535,-0.0978819630250421,-0.0094255437813818,0.1271903986405046,0.1025791354387573,-0.093557341011437,-0.3396854179083943,0.0115832027060505,0.0778276658963335,0.0591673545191693,-0.0065701436875967,-0.3451387853306579,0.0507309941520318,0.1495720790874992,0.0237551167288904,-0.0199991003553628,0.0673178959811288,0.1695685512229479,0.1222735225950622,0.1831230557880195,0.1652099991756241,0.0259388946656026,0.0778012684989395,-0.160494120630081,0.093092467141464,-0.2028715408188147,-0.1973860358123637,0.0928593614895802,0.2231045165498185,-0.0933377706901698,0.0188181888081363,-0.0418523871689774,-0.0881075321694741,0.0235915631003323,0.0883216549883318,-0.1892865889926322,-0.1181803265239418,-0.049345923665612,0.0349323976288728,-0.0407262197621845,0.031938655082371,-0.1124408570576,-0.0200438269302538,-0.0562354519234843
perhexiline,-0.1631237913885533,-0.1300533016451687,0.0538270381657652,-0.126621522395391,-0.0032361744499775,-0.0824504122112622,-0.1286908053359236,-0.0693954877354341,-0.1194125302100966,-0.0181300007080621,-0.0676515936351572,-0.1719718959004413,-0.1941303380596146,-0.0519759095784109,0.0474206480215007,-0.0499939031253881,-0.2123578662572672,-0.1463405676943952,0.0174960917144314,-0.1118230765807723,0.0696669815422886,0.0646589597109117,-0.0981737306593615,-0.2176425627098681,-0.1478046188657233,-0.3002248180138189,-0.25608873959282,0.114164221340373,0.0006282518405209,-0.0156048936642213,-0.0669822245382243,-0.2998079482432708,-0.3829922630681576,0.0777039033140003,0.2743192564813393,-0.2692397736948511,-0.0356478746135291,0.1851920925027974,-0.2119744283255393,-0.0028334467900068,0.0136803470136917,-0.2045181530853297,0.1120272376733049,-0.1221423258981789,-0.1364056768347805,-0.0646422714226987,0.0095074578143991,-0.0067176673407774,-0.0468505221932099,-0.0070497604184874
phenobarbital,-0.110553545244421,-0.1345603109836441,-0.0502248180138678,-0.0984335481765649,-0.1119286244564617,0.0046853318096398,0.0213629765891121,0.0217897153510163,-0.1859304703476718,-0.1380655668059763,-0.1634816557942562,-0.0151531432625481,0.1229757977182887,-0.0746060556059679,-0.0073112295429955,-0.0649532885604135,-0.0605334357061639,0.1766972852783666,-0.0733035145619834,-0.1102434031949224,0.0076754681900629,-0.0829682275501214,-0.0920186829445267,-0.0180230229741454,-0.0363270765200063,-0.2476778016390652,-0.2082768320832154,0.1690719358335411,-0.1259562472822946,-0.0285553548223458,-0.0705604771003626,0.0872029828408322,0.2565773347495806,-0.021801361640683,-0.0445622044676123,-0.1237245661241675,0.0116178958188345,0.1645398172324072,0.0026691801218604,-0.1104661109071745,-0.2036369703036616,0.0545700523658166,0.0780621872179657,-0.1059329102573979,0.0066862458842428,0.0102808528085331,-0.0850109230614536,-0.029839656911729,0.0138964005967899,-0.0096067677700161
phenytoin,0.0196044292778095,-0.1477266206714926,0.037409796459742,0.0932120420983785,0.0150481375425748,0.0612807117785969,-0.0937690350980577,-0.046822081441723,-0.0438668897564765,-0.0373383841960172,-0.1713815416740843,-0.0238175382631848,-0.0662547605655835,0.069738470423239,-0.0641951610621231,-0.0707683000037576,0.0278874629812653,-0.1354261491994972,0.0853178738926523,-0.0196309645648738,0.1008876493784923,0.0387341999909976,-0.0536165582777089,-0.2237804758927116,-0.0649835258624147,-0.3143070315335606,-0.1807821902564932,0.0543008244051106,-0.0531255154214106,-0.072336851446858,0.0065485495918004,0.1069824193311466,0.1437271773083739,-0.0363985639251946,-0.1304777433555977,0.0389094600737443,-0.1676807306926461,0.0308047370384181,-0.0109854383520365,0.0109666865067405,-0.0530136196802744,-0.1047782326253823,0.0866354910165011,-0.2212338479289521,-0.1549874357201404,0.0114263017630224,0.0249711229409413,-0.0045597491723521,-0.0244148638567661,0.0177536906299386
propranolol,0.0866679959206316,-0.1072042249039535,-0.1584453804734265,-0.1327404748307289,-0.0459840209283359,-0.1383499306179282,-0.0754831805734877,0.0826319241856659,-0.141338538761876,-0.0409339375486858,-0.124245269274936,-0.0368804811927271,-0.0473188326715366,-0.0502598795478845,-0.0264585200207587,0.0821291224252093,0.0170597053124408,-0.1028186631826264,0.0641147009437954,-0.0257197525919796,-0.0374162205928665,0.0052089424677237,0.0261174553890899,-0.1994815679454852,-0.061352803046268,-0.1977312921410638,-0.1603613675707375,0.0619787130913264,-0.0735954298052346,-0.1307470444676854,0.04741618898732,-0.0028280864445999,0.2428962899181309,0.0321144046809571,-0.1242654492091908,0.1777980281758055,-0.0104579778882117,0.0823806415516642,0.128205338360246,-0.0349075298403163,-0.1384657384657439,0.2042907292723726,-0.0171055870046767,0.0157558717426486,-0.0651777354699795,-0.0137940754407409,-0.0121923965447951,0.0488642660591748,0.13402415143603,0.1696140214193909
propylthiouracil,-0.0427157994556596,-0.1000686484292866,-0.1006045808397519,-0.0093823937342051,0.0415723948574775,-0.0356828014039585,-0.0261530502034582,0.0617277450760292,-0.238226436140551,-0.045648233378161,-0.1013033774705456,0.0844929014751097,0.109513296004345,0.0004620080851463,-0.0569046832995413,0.0276075863880053,-0.1247212167745249,-0.0002398222978155,-0.0915523131260414,0.0899894688441128,-0.1035760874454638,-0.0556940008696628,-0.0263856293308719,-0.09356440962727,-0.0916704073188629,-0.1386450125535103,-0.0995327054653362,0.0221130233484254,-0.0137480695125457,0.0607587715127911,-0.1344551560419013,0.0602411421751341,0.0440254042877081,0.0371680895895814,0.121584868742876,-0.1807155552802758,0.0476153139517975,0.0130758112644502,-0.0209682266480776,-0.1068690591174706,-0.2371310704644813,0.172177320597601,0.0343752563786995,0.130353034399831,-0.0804569242984777,-0.1360086100860803,0.0688686470470132,-0.0575054110760051,0.1206616001492053,0.0612573567931818
quinidine,0.0160268916349147,-0.2359774107021554,0.0750594119597554,0.1032879171085787,0.0374524221963,-0.1162701003999866,-0.061492141648202,0.1563377121057635,-0.0182598996096094,0.0189959640303071,-0.0592893593084669,-0.2202529990394655,-0.042216177947909,-0.0482220938866319,0.0705475640239548,-0.0285596368138939,0.0556707250192114,-0.0533017576581911,0.0953491401771814,0.0592414601225333,0.1951928988050343,0.0206258527881479,-0.072348436147756,-0.2328585312962603,-0.1487680276533477,-0.4943598114606646,-0.4151476588905315,0.0192877413230317,-0.0418334757770713,0.04868466926564,-0.0045075560187655,-0.1262793583434982,-0.3038788362547643,0.0266311845378535,0.0306407956954329,-0.0133635129588201,-0.0832889870016005,-0.0315530585602307,0.0290058191951576,-0.0182178154303398,0.0847544514211301,-0.2067165832778723,0.1082943637706065,-0.1301236558766384,-0.1661942611264605,-0.2127485649856333,0.1379419445560986,-0.0060398027858134,-0.032511189854531,0.1788686609724971
ranitidine,-0.0132836357704235,-0.0595180838533371,0.0178206272007992,0.1405727339479409,0.1007058601713431,-0.0339176393763715,-0.0083823524534548,0.1144542645560605,0.1297564603085969,0.0856737237130856,0.0184701628437766,-0.0833095982206804,-0.0279071980031464,0.1125402194538447,0.1326387775315061,0.1836416163283263,0.0059668750685638,-0.0222422661482309,0.0377164032192585,0.119662113054214,-0.0156118333258376,0.0029583314590704,0.0293878342099605,-0.1267557826053115,0.0124953050998039,0.1948376731039415,-0.0301994889126995,-0.0012580273407244,0.0099380744605841,-0.0339989223796353,-0.038126049447054,-0.1713369265089054,-0.1910208224653285,0.0219412753978487,0.0561389205935202,-0.0145298938918853,-0.0011386721595324,0.1060938082804997,0.0558342212387067,-0.0904074460843245,-0.1647283647283689,0.1074723301027854,0.0479120518500375,0.0918921642906406,-0.0754184061720173,-0.0744951824518107,0.0055651114905656,-0.0739949843943114,0.1612201603879149,0.0659405661300617
rifampicin,0.0890000734587725,0.0444644640049544,0.067419744508827,-0.1849147425960768,-0.0142085292419332,-0.006432127989554,-0.0038791526223708,0.057713486734197,0.1885406209332513,0.0986440557955008,-0.0202072575553939,-0.0655186208432574,-0.010573282628584,-0.0560349806121576,0.0413026458519966,-0.0038813641991586,0.1036580015355772,0.0990900107057477,0.0048795669040604,0.0356501876325922,0.1004123371268328,0.0073950789438151,0.0074911200363874,0.0122282077830529,0.0091562004745211,0.1494645028343932,0.1428792968427713,-0.040784321218326,0.0835754876823629,0.1775601407245505,-0.0526981645532883,-0.1858053386126535,-0.187493322103933,-0.0403525267025385,0.1079602152290959,0.0392517104645567,-0.0161427392071373,-0.0485196754942229,0.0802557167445396,0.0702097819849818,0.0622349622349688,0.1181845748341087,-0.1547706948888367,0.1977520904724645,0.0348199878768268,-0.0846120336203242,0.1279919144235005,0.0207746245400027,0.0830147333084687,0.091835422755349
simvastatin,0.2838938301308569,-0.037426956714984,0.0459880149694355,-0.2675206004731946,-0.1411676152767391,0.022555301608015,0.0508557019342774,0.2249029017279014,0.2372076594162424,-0.2216689088721217,-0.0799518833869902,0.2833972455185811,0.3454666543542579,-0.2234799108985366,-0.0967825307739507,-0.0321492890106272,0.3767065189573921,0.3296438165910193,-0.0345275317005405,-0.1066390780046855,-0.0302700433328859,-0.1256203799499159,-0.0949777113393262,-0.1445236188168879,-0.0847982948733282,0.24270180328127,0.1515487181600763,-0.211660837438023,-0.0475132322732563,0.1900351811353083,0.1740518788720965,0.4162100207917582,0.3049174454926696,-0.1519533359637102,-0.134280123919755,0.3907050673004866,-0.0418885669423767,-0.2845649944050522,0.2008633172144507,0.0441206870128238,0.104604604604611,0.1905753239331613,-0.074411354499961,0.1440479748656849,-0.0223866155557976,0.1625230627306321,0.0812776215347715,0.0464837478272836,-0.1851990861617993,-0.0267065745312623
sulfasalazine,-0.0045167605253483,-0.1103189648067295,0.0275584645265031,-0.1710859100922192,0.0822374235514634,0.0615602807934074,-0.0338179418270751,0.2566147658421098,0.1814575199851109,-0.0065439354244729,-0.0743723392200652,-0.1920161985671831,-0.332949969638708,-0.0843907268377072,0.0573588643116515,0.0428783814204765,0.2360937442872105,-0.2503483265855181,-0.0554860749232734,0.1267891840579177,0.108479150735456,-0.1024125470439099,-0.0045378485061854,-0.0892592013753481,-0.0576472671863966,-0.0773500292125346,-0.0458757522050905,0.1224102838455455,-0.0009011440481041,-0.0026655256568692,-0.1168172080365897,-0.2270526567555792,-0.2825598496608335,-0.0302633456737238,-0.0016305233979985,-0.2194943092999206,-0.0952306279035514,-0.1877680902647894,0.1580580826708383,-0.1171683708928552,-0.0339642672975902,-0.1239109898183764,-0.0059479858889151,0.0324605364677058,-0.1674819930961236,-0.3278034030340109,0.1415948925271387,-0.0484818202054512,0.0400573480044772,0.1939290984558435
sulindac,-0.1873432442257103,0.2730120906785272,0.153775324101118,0.342987680509173,0.0907027374176642,0.1343298506244149,0.2034659217160322,-0.2079724154598925,0.2601301357129928,0.2890115414571887,0.2122310892402232,0.1308087372833525,0.1247624963972233,0.1632621070868072,0.0463920199971674,0.0528969534386161,-0.2294468209572988,0.1580262012815925,0.0578976318684437,0.1498538987525885,0.001015099035877,0.0184247222347126,0.1414183379164568,0.3658950828318769,0.1664132183960592,0.2714791012016704,0.3066121919048841,-0.1366578708666811,0.1295038459808624,0.0603166302177453,0.215439175496483,0.2013382052751117,0.2488592582350305,-0.034424380811666,-0.0026349258111793,-0.2915269931623878,0.0667107094873696,-0.1165213539723903,-0.1018304510558992,0.1377277895194166,0.2598295264961807,-0.0344692861224674,-0.1446796291738384,0.1556924103512385,0.2304385687818877,0.3501640016400211,0.05238926275613,0.1241540013545384,0.0628963073480028,-0.1592593409924973
tamoxifen,0.1033560165120043,0.0036108239167707,0.1338999510492743,0.1702700497674548,-0.0018589222375349,-0.2164945718716571,0.064713529719364,0.1188759040927764,1.4872652900593808e-05,0.0557664802095886,0.0152539577836401,0.169373548382068,0.1055005694489949,0.0793746390561893,-0.0410017450360837,-0.0171420665591207,0.0887974845526842,0.0753637397588671,0.074365989230504,0.0043088743529403,0.0806396473392957,-0.0140599463212069,-0.0373658890421878,-0.1035875107447118,-0.0860853845848512,0.0301451546684619,-0.0351980463275869,-0.1982549521628823,0.01507804417255,0.1240372729865966,0.0424483237797445,0.1985403119242231,-0.163039652560794,-0.0720192073605778,0.340286972118054,0.1848383076872938,-0.040229879243081,-0.2314714658709001,0.1178182116220075,0.0790594025882372,0.0964570631237315,0.1149015079948666,-0.1538272212650338,0.2298563951427656,-0.0208498746417775,0.0496745592455975,0.0897197669747292,-0.0330726860249736,0.0414537486012738,0.1284505207084026
terbinafine,0.2804035844065023,-0.2442746896995153,-0.0746192502645175,-0.2248103124745301,-0.1041099562814395,-0.0290812994857612,-0.1364457941207808,0.1966322003762349,-0.1572597137014583,-0.3065892515755458,-0.1916135859625473,0.1707374542667249,0.1469780027591016,-0.2247009322664658,-0.0955095976984418,-0.1065935354369562,0.3908961281123433,0.0255725131373521,0.0107839731341523,-0.1317729423456069,0.0255229184472086,-0.1775838543774726,-0.2089602718775098,-0.2049259592091487,-0.1920832531765118,-0.3711550000786948,-0.2810949221006144,0.0192178509152127,-0.1480845066198246,-0.1589870368609462,0.0510827398529231,0.3268816809619668,0.5267650071964287,-0.0698001751720213,-0.155255176911769,0.5069200719355843,-0.1217321980672004,-0.1124510443864334,0.2614785673305516,-0.0738273272577574,-0.0530773197439782,0.2679052517406248,0.0739191073919198,-0.2476992639033965,-0.2525904044759944,-0.0026778392783836,-0.1637919345118337,0.0672820532250999,-0.1195099776202908,0.1235581452917578
tetracycline,-0.0573484054199203,0.0033249626763218,0.0925168564164748,0.1098555927225123,0.1144179894179987,0.1147416537425144,-0.0676646263068191,0.1265324265073214,0.2923443019148602,0.2179508602987772,0.0198658076630493,-0.1363698741867024,-0.2487540679924875,0.1451860407557112,0.0688180917794601,0.0800355494690575,0.005071112573587,-0.1965596907126047,0.0336807364946964,0.180305255195143,0.1168983251615617,0.017165219738202,-0.0347815365839181,-0.1827674454950136,-0.0429381067108887,0.105736510919157,-0.0374412661775593,-0.020007260557473,0.0226350591516337,-0.1126493613514522,-0.0074691679694397,-0.3157173405450118,-0.2826336993343154,0.0963152312914365,0.3063231697374964,-0.1106392628388975,-0.038021330754159,0.0236665423349518,0.0177444471764702,-0.0195971159432107,0.0707313373980069,-0.1417666748305883,0.0051685946345082,0.0429459153245752,-0.1123457211726586,-0.1184527470274501,0.1047703646042744,-0.1178400926395104,0.1273918314062196,-0.0216813114905202
theophylline,-0.1074673227712084,-0.1602554806589592,0.1435361366830311,0.0284327323162165,-0.0723565595503154,-0.0788405028161134,-0.0649567367803082,0.0842864787419473,0.2211266034578848,0.1749946895135365,0.0604887336711141,-0.0390380029362481,-0.0510685213634275,-0.0281659929048662,-0.0160345234164995,-0.0998297565002372,-0.0292146539431607,-0.0539021480510612,0.0072969139019133,-0.2693306041323988,0.0722774504070865,-0.0186286416865352,-0.0294564368462293,0.0028107173556293,-0.0977058351120549,-0.3231596109205053,-0.2431147473417205,-0.1051649514186857,-0.0746705051504702,0.0691721340052707,0.1161455619246039,0.0359605666355584,-0.0009898998786745,-0.0093462389782888,-0.1443632806130636,-0.1110665509034788,-0.0698060159929768,-0.0731350242446875,-0.0777695817282594,0.0735386364527389,0.2880334880334613,-0.132646396790359,-0.111370908195918,-0.0752326801837806,-0.0992279299815595,0.1506636941369483,0.0914241412214013,0.0369598988353802,-0.029098284222306,0.072248170756276
thioridazine,0.2103606444146779,0.036754035181793,0.0482381689273422,0.115199477849383,-0.0076271785625869,-0.1591033385029529,0.0617972559610695,0.1960832714781272,0.0938166945528818,0.0655731785031515,-0.0716442810430852,0.0487167503437332,-0.1262287925722532,0.0615460770563528,0.0439711361599742,0.0737008967095534,0.2135406383678639,-0.0864317335535427,0.0777155347113596,-0.1686245717082316,0.1307213650608013,0.0549053124015992,0.0703613583897312,-0.099095491130748,-0.0790117349602889,0.2085645991567758,0.1108039320748398,-0.1378173477043143,-0.0173181593270698,-0.0514833127317612,0.101760176017611,0.0063293012726138,-0.0260107977649927,-0.0547342618010216,-0.0571954997554069,0.2364881960359717,0.0027113650711617,-0.0821451883625801,0.2249569707401082,-0.0507436461292289,0.1721084721084722,0.1590275591010428,-0.1548527360735193,0.0253584908283341,-0.1455322103741793,-0.0796432964329496,0.0521952842507127,-0.033369880790557,-0.0799654979485223,0.2093277517333178
ticlopidine,0.1887699662375716,-0.3302646720368328,0.0734517361714013,-0.2866525250876566,-0.1270268438976586,-0.1225491796587556,-0.1512062517480692,0.0724163228668346,-0.0639040713887492,-0.2697210224457461,-0.212722271233713,0.2332855178698799,0.4127861586118332,-0.2367461430576694,-0.1221553553742205,-0.1221424417514462,0.199824503674449,0.3414518652721812,0.0264489606855431,-0.1288435010901895,0.0097746390175831,-0.1626557509783038,-0.184827975291525,-0.3279198737985836,-0.2491976682759219,-0.3141501129024266,-0.2157406644135275,-0.1396762314288468,-0.2147811614411876,0.081754936452097,0.1777734352382196,0.6066562155147147,0.59568717906813,-0.1223797651127785,-0.2225794880156277,0.3458135743223919,-0.1628356831830801,-0.053711301753069,0.1556757642816225,0.0829362349729369,0.278806078806067,0.175617834692098,0.0532857494462267,0.0107773151591392,-0.238532070929214,0.2971735342353468,-0.1763321112896235,0.0742542897873973,-0.0266551659828353,0.0051048996674277
tolbutamide,-0.0255746240962083,-0.0460184432664627,-0.0309445514693224,-0.0638818634249998,0.0405398239473985,0.0976001959023704,-0.0645775548625191,-0.0366470456232589,0.0222011526305886,-0.1342767117468543,-0.0886636612331268,-0.0572277302068599,-0.1269437518713423,-0.0170365481395811,0.0799542517568238,0.0618767118147913,-0.098000073123439,-0.0750415654887492,-0.0274839326037899,-0.0009789525207917,-0.1564601982216661,-0.1200140944326862,0.0050506891926091,-0.0686696589044509,-4.4277107519058445e-05,0.0997834720270202,0.0297955650811997,0.137658962967058,0.0014559249096582,-0.1048857405470405,0.0231645532974549,-0.0958370236003606,-0.1256261509549825,0.0046115574359986,0.1575150823414424,0.0162448203132764,-0.0770068148339923,0.1776762402088778,0.0298882605251001,-0.1023578197785672,-0.2106712773380861,0.0855288478359937,0.113627040774466,-0.1157023500872299,-0.0408033170837179,-0.1705283927839131,-0.0536950080353394,-0.0140759018854645,-0.0542684632599809,0.015332929073508
triamterene,-0.1738592663472885,0.07796030701914,0.1224054145809904,0.066370237415342,0.1757108683612044,0.201924332707537,0.0186246861799817,-0.0850201101310722,-0.0476780070645266,0.0404496211852891,0.1083969357527939,-0.2014826246029348,-0.2113635155290224,0.1943816516788795,0.0617176814601668,0.0531914793831707,-0.203157105773157,-0.0987366762298662,0.038692027097447,0.052759607825706,-0.0864903363171609,0.0555920411437399,0.0816711985983931,0.0071745330936809,0.1243927165684887,0.0639675346207761,0.0257640549006705,0.1345852934491323,0.1385902568485483,-0.0312462362524104,-0.0391204909964535,-0.2278110362270822,-0.2781115852852932,0.1071641440216268,0.2135724767650454,-0.2921999456179243,-0.0515928258089498,0.1725149198060402,-0.1533043739584013,-0.1023613838626076,-0.0579094245760829,-0.1925113420337234,-0.0432357043235658,0.1475668499377937,0.0666831724024086,-0.0726886018860056,0.109194204499806,-0.0601363543792953,0.1265549235360114,-0.0002115647733696
valproicacid,-0.0235339966247081,-0.0592489152400621,-0.1047811823967029,-0.119074814391802,0.0458617621757956,0.1725042853644741,-0.0952404378169118,-0.006165092955413,-0.2300836586726366,-0.1636026340013388,-0.1234075788723756,-0.0129386572485678,0.1336470199768883,0.0107086874020365,0.0265028533698,0.1028228529621258,0.0670743300062246,0.1492123145133203,0.0189812402292818,0.1571886263516462,-0.1100460318174293,-0.1087970251750581,-0.0729423526770444,-0.0770285516136854,-0.0185734832037139,0.1486512892987327,-0.0191843211606596,0.1527784202555116,0.0077969202165125,0.1256251782827815,-0.1142753749058751,-0.1180176990731596,-0.1924978159351262,0.0137311361276934,0.1687689548345206,0.0805375010892059,-0.0160056533985114,0.0953305669526263,0.1399967215802009,-0.1967115978858528,-0.1871113537781607,-0.1071341100730914,0.1040692427598515,-0.138487283393675,-0.0906790971931843,-0.1847401599015798,-0.1820252862594882,-0.0372943909520163,0.1110056881760547,-0.0881308803973174
vitamina,-0.0236050703725451,0.1519446389019731,-0.0990423028944202,0.208860243126372,-0.0580154605767043,-0.0174904089462093,0.1061427470679812,-0.0999326785313884,-0.1942331288343823,0.2745953409332141,0.2352771864932679,-0.0009606247426797,-0.0585077358316294,-0.0033908093391543,-0.0007258406829272,-0.1217095636513916,-0.1725622463529987,0.029697345373026,-0.088855596085905,0.1350138684940555,0.0629616301560856,0.0228299821570453,0.1158012500071757,0.1092431331562137,0.1401278845008665,0.4959230763158012,0.3758861594262315,-0.183847974787247,0.1363411452476725,0.1522677569649179,-0.0628568119969949,-0.0967143993824287,-0.1897355238926595,-0.000931825622682,-0.0788977661829343,0.0487328861681271,0.0829333732618954,-0.0194726781051785,-0.1704040652405463,0.1531353247058666,-0.0629963296629806,0.0295301074140504,-0.1408236934941391,0.1427012448998189,0.1637909690858662,-0.0336767117671086,0.0416727350341592,-0.0022396171278873,-0.0954820962327982,-0.0677290320599974
